Day	Twilight start	Sunrise	Sunset	Twilight end	Day length	Solar noon	Nautical twilight start	Nautical twilight end 	AstTwiStart	AstTwiEnd
Jan 1 2020	6:55:59 am	7:25:06 am	5:01:59 pm	5:31:07 pm	09:36:53	12:13:33 pm	6:23 am	6:03 pm	5:51 am	6:35 pm
Jan 2 2020	6:56:07 am	7:25:13 am	5:02:48 pm	5:31:54 pm	09:37:35	12:14:01 pm	6:23 am	6:04 pm	5:51 am	6:36 pm
Jan 3 2020	6:56:14 am	7:25:18 am	5:03:39 pm	5:32:43 pm	09:38:21	12:14:28 pm	6:23 am	6:05 pm	5:51 am	6:37 pm
Jan 4 2020	6:56:18 am	7:25:20 am	5:04:30 pm	5:33:32 pm	09:39:10	12:14:55 pm	6:23 am	6:06 pm	5:51 am	6:38 pm
Jan 5 2020	6:56:21 am	7:25:20 am	5:05:23 pm	5:34:23 pm	09:40:03	12:15:22 pm	6:23 am	6:07 pm	5:51 am	6:38 pm
Jan 6 2020	6:56:22 am	7:25:19 am	5:06:17 pm	5:35:14 pm	09:40:58	12:15:48 pm	6:23 am	6:07 pm	5:51 am	6:39 pm
Jan 7 2020	6:56:20 am	7:25:15 am	5:07:12 pm	5:36:07 pm	09:41:57	12:16:14 pm	6:23 am	6:08 pm	5:52 am	6:40 pm
Jan 8 2020	6:56:17 am	7:25:09 am	5:08:09 pm	5:37:00 pm	09:43:00	12:16:39 pm	6:23 am	6:09 pm	5:52 am	6:41 pm
Jan 9 2020	6:56:12 am	7:25:01 am	5:09:06 pm	5:37:55 pm	09:44:05	12:17:03 pm	6:23 am	6:10 pm	5:52 am	6:42 pm
Jan 10 2020	6:56:05 am	7:24:51 am	5:10:04 pm	5:38:50 pm	09:45:13	12:17:28 pm	6:23 am	6:11 pm	5:51 am	6:42 pm
Jan 11 2020	6:55:56 am	7:24:39 am	5:11:03 pm	5:39:46 pm	09:46:24	12:17:51 pm	6:23 am	6:12 pm	5:51 am	6:43 pm
Jan 12 2020	6:55:45 am	7:24:25 am	5:12:03 pm	5:40:43 pm	09:47:38	12:18:14 pm	6:23 am	6:13 pm	5:51 am	6:44 pm
Jan 13 2020	6:55:32 am	7:24:09 am	5:13:03 pm	5:41:41 pm	09:48:54	12:18:36 pm	6:23 am	6:14 pm	5:51 am	6:45 pm
Jan 14 2020	6:55:16 am	7:23:51 am	5:14:05 pm	5:42:39 pm	09:50:14	12:18:58 pm	6:22 am	6:14 pm	5:51 am	6:46 pm
Jan 15 2020	6:55:00 am	7:23:30 am	5:15:07 pm	5:43:38 pm	09:51:37	12:19:19 pm	6:22 am	6:15 pm	5:51 am	6:47 pm
Jan 16 2020	6:54:41 am	7:23:08 am	5:16:09 pm	5:44:37 pm	09:53:01	12:19:39 pm	6:22 am	6:16 pm	5:51 am	6:48 pm
Jan 17 2020	6:54:20 am	7:22:44 am	5:17:13 pm	5:45:37 pm	09:54:29	12:19:58 pm	6:22 am	6:17 pm	5:50 am	6:49 pm
Jan 18 2020	6:53:57 am	7:22:18 am	5:18:16 pm	5:46:37 pm	09:55:58	12:20:17 pm	6:21 am	6:18 pm	5:50 am	6:50 pm
Jan 19 2020	6:53:32 am	7:21:50 am	5:19:21 pm	5:47:38 pm	09:57:31	12:20:35 pm	6:21 am	6:19 pm	5:50 am	6:50 pm
Jan 20 2020	6:53:06 am	7:21:19 am	5:20:26 pm	5:48:39 pm	09:59:07	12:20:52 pm	6:21 am	6:20 pm	5:49 am	6:51 pm
Jan 21 2020	6:52:37 am	7:20:47 am	5:21:31 pm	5:49:41 pm	10:00:44	12:21:09 pm	6:20 am	6:21 pm	5:49 am	6:52 pm
Jan 22 2020	6:52:07 am	7:20:13 am	5:22:36 pm	5:50:43 pm	10:02:23	12:21:25 pm	6:20 am	6:22 pm	5:49 am	6:53 pm
Jan 23 2020	6:51:35 am	7:19:38 am	5:23:42 pm	5:51:45 pm	10:04:04	12:21:40 pm	6:19 am	6:23 pm	5:48 am	6:54 pm
Jan 24 2020	6:51:01 am	7:19:00 am	5:24:48 pm	5:52:48 pm	10:05:48	12:21:54 pm	6:19 am	6:24 pm	5:48 am	6:55 pm
Jan 25 2020	6:50:25 am	7:18:21 am	5:25:55 pm	5:53:50 pm	10:07:34	12:22:08 pm	6:18 am	6:25 pm	5:47 am	6:56 pm
Jan 26 2020	6:49:47 am	7:17:39 am	5:27:01 pm	5:54:53 pm	10:09:22	12:22:20 pm	6:18 am	6:26 pm	5:47 am	6:57 pm
Jan 27 2020	6:49:08 am	7:16:56 am	5:28:08 pm	5:55:56 pm	10:11:12	12:22:32 pm	6:17 am	6:27 pm	5:46 am	6:58 pm
Jan 28 2020	6:48:27 am	7:16:11 am	5:29:15 pm	5:56:59 pm	10:13:04	12:22:43 pm	6:16 am	6:28 pm	5:45 am	6:59 pm
Jan 29 2020	6:47:44 am	7:15:25 am	5:30:22 pm	5:58:03 pm	10:14:57	12:22:53 pm	6:16 am	6:29 pm	5:45 am	7:00 pm
Jan 30 2020	6:46:59 am	7:14:37 am	5:31:29 pm	5:59:06 pm	10:16:52	12:23:03 pm	6:15 am	6:30 pm	5:44 am	7:01 pm
Jan 31 2020	6:46:13 am	7:13:47 am	5:32:36 pm	6:00:09 pm	10:18:49	12:23:11 pm	6:14 am	6:31 pm	5:43 am	7:02 pm
Feb 1 2020	6:45:25 am	7:12:55 am	5:33:43 pm	6:01:13 pm	10:20:48	12:23:19 pm	6:14 am	6:32 pm	5:43 am	7:03 pm
Feb 2 2020	6:44:36 am	7:12:02 am	5:34:50 pm	6:02:16 pm	10:22:48	12:23:26 pm	6:13 am	6:33 pm	5:42 am	7:04 pm
Feb 3 2020	6:43:45 am	7:11:08 am	5:35:57 pm	6:03:20 pm	10:24:49	12:23:32 pm	6:12 am	6:34 pm	5:41 am	7:05 pm
Feb 4 2020	6:42:52 am	7:10:11 am	5:37:03 pm	6:04:23 pm	10:26:52	12:23:37 pm	6:11 am	6:35 pm	5:40 am	7:06 pm
Feb 5 2020	6:41:58 am	7:09:14 am	5:38:10 pm	6:05:26 pm	10:28:56	12:23:42 pm	6:10 am	6:36 pm	5:40 am	7:07 pm
Feb 6 2020	6:41:02 am	7:08:14 am	5:39:17 pm	6:06:29 pm	10:31:03	12:23:46 pm	6:09 am	6:37 pm	5:39 am	7:08 pm
Feb 7 2020	6:40:05 am	7:07:14 am	5:40:23 pm	6:07:32 pm	10:33:09	12:23:49 pm	6:09 am	6:38 pm	5:38 am	7:09 pm
Feb 8 2020	6:39:06 am	7:06:12 am	5:41:29 pm	6:08:35 pm	10:35:17	12:23:51 pm	6:08 am	6:39 pm	5:37 am	7:10 pm
Feb 9 2020	6:38:06 am	7:05:08 am	5:42:36 pm	6:09:38 pm	10:37:28	12:23:52 pm	6:07 am	6:40 pm	5:36 am	7:11 pm
Feb 10 2020	6:37:04 am	7:04:04 am	5:43:41 pm	6:10:41 pm	10:39:37	12:23:53 pm	6:06 am	6:41 pm	5:35 am	7:12 pm
Feb 11 2020	6:36:02 am	7:02:58 am	5:44:47 pm	6:11:43 pm	10:41:49	12:23:52 pm	6:05 am	6:42 pm	5:34 am	7:13 pm
Feb 12 2020	6:34:57 am	7:01:50 am	5:45:52 pm	6:12:45 pm	10:44:02	12:23:51 pm	6:04 am	6:43 pm	5:33 am	7:14 pm
Feb 13 2020	6:33:52 am	7:00:42 am	5:46:58 pm	6:13:48 pm	10:46:16	12:23:50 pm	6:03 am	6:44 pm	5:32 am	7:15 pm
Feb 14 2020	6:32:45 am	6:59:32 am	5:48:02 pm	6:14:49 pm	10:48:30	12:23:47 pm	6:01 am	6:45 pm	5:31 am	7:16 pm
Feb 15 2020	6:31:37 am	6:58:21 am	5:49:07 pm	6:15:51 pm	10:50:46	12:23:44 pm	6:00 am	6:46 pm	5:30 am	7:17 pm
Feb 16 2020	6:30:28 am	6:57:09 am	5:50:11 pm	6:16:53 pm	10:53:02	12:23:40 pm	5:59 am	6:47 pm	5:29 am	7:18 pm
Feb 17 2020	6:29:17 am	6:55:56 am	5:51:15 pm	6:17:54 pm	10:55:19	12:23:36 pm	5:58 am	6:48 pm	5:28 am	7:18 pm
Feb 18 2020	6:28:06 am	6:54:42 am	5:52:19 pm	6:18:55 pm	10:57:37	12:23:30 pm	5:57 am	6:49 pm	5:27 am	7:19 pm
Feb 19 2020	6:26:53 am	6:53:27 am	5:53:22 pm	6:19:56 pm	10:59:55	12:23:24 pm	5:56 am	6:50 pm	5:25 am	7:20 pm
Feb 20 2020	6:25:39 am	6:52:10 am	5:54:25 pm	6:20:57 pm	11:02:15	12:23:18 pm	5:55 am	6:51 pm	5:24 am	7:21 pm
Feb 21 2020	6:24:24 am	6:50:53 am	5:55:28 pm	6:21:57 pm	11:04:35	12:23:11 pm	5:53 am	6:52 pm	5:23 am	7:22 pm
Feb 22 2020	6:23:08 am	6:49:35 am	5:56:31 pm	6:22:57 pm	11:06:56	12:23:03 pm	5:52 am	6:53 pm	5:22 am	7:23 pm
Feb 23 2020	6:21:52 am	6:48:16 am	5:57:33 pm	6:23:57 pm	11:09:17	12:22:54 pm	5:51 am	6:54 pm	5:21 am	7:24 pm
Feb 24 2020	6:20:34 am	6:46:56 am	5:58:35 pm	6:24:57 pm	11:11:39	12:22:45 pm	5:50 am	6:55 pm	5:19 am	7:25 pm
Feb 25 2020	6:19:15 am	6:45:35 am	5:59:36 pm	6:25:56 pm	11:14:01	12:22:36 pm	5:48 am	6:56 pm	5:18 am	7:26 pm
Feb 26 2020	6:17:55 am	6:44:14 am	6:00:37 pm	6:26:56 pm	11:16:23	12:22:25 pm	5:47 am	6:57 pm	5:17 am	7:27 pm
Feb 27 2020	6:16:35 am	6:42:51 am	6:01:38 pm	6:27:55 pm	11:18:47	12:22:15 pm	5:46 am	6:58 pm	5:15 am	7:28 pm
Feb 28 2020	6:15:13 am	6:41:28 am	6:02:39 pm	6:28:54 pm	11:21:11	12:22:03 pm	5:44 am	6:59 pm	5:14 am	7:29 pm
Feb 29 2020	6:13:51 am	6:40:04 am	6:03:39 pm	6:29:52 pm	11:23:35	12:21:52 pm	5:43 am	7:00 pm	5:13 am	7:30 pm
Mar 1 2020	6:12:28 am	6:38:40 am	6:04:39 pm	6:30:51 pm	11:25:59	12:21:39 pm	5:42 am	7:01 pm	5:11 am	7:31 pm
Mar 2 2020	6:11:04 am	6:37:15 am	6:05:38 pm	6:31:49 pm	11:28:23	12:21:27 pm	5:40 am	7:02 pm	5:10 am	7:32 pm
Mar 3 2020	6:09:40 am	6:35:49 am	6:06:38 pm	6:32:47 pm	11:30:49	12:21:13 pm	5:39 am	7:03 pm	5:08 am	7:33 pm
Mar 4 2020	6:08:14 am	6:34:23 am	6:07:37 pm	6:33:45 pm	11:33:14	12:21:00 pm	5:37 am	7:04 pm	5:07 am	7:34 pm
Mar 5 2020	6:06:48 am	6:32:56 am	6:08:36 pm	6:34:43 pm	11:35:40	12:20:46 pm	5:36 am	7:05 pm	5:05 am	7:35 pm
Mar 6 2020	6:05:22 am	6:31:28 am	6:09:34 pm	6:35:41 pm	11:38:06	12:20:31 pm	5:34 am	7:06 pm	5:04 am	7:36 pm
Mar 7 2020	6:03:55 am	6:30:01 am	6:10:32 pm	6:36:38 pm	11:40:31	12:20:16 pm	5:33 am	7:07 pm	5:03 am	7:37 pm
Mar 8 2020	7:02:31 am	7:28:36 am	7:11:28 pm	7:37:33 pm	11:42:52	1:20:02 pm	6:32 am	8:07 pm	6:01 am	8:38 pm
Mar 9 2020	7:01:03 am	7:27:07 am	7:12:26 pm	7:38:30 pm	11:45:19	1:19:46 pm	6:30 am	8:08 pm	6:00 am	8:39 pm
Mar 10 2020	6:59:34 am	7:25:38 am	7:13:23 pm	7:39:27 pm	11:47:45	1:19:31 pm	6:29 am	8:09 pm	5:58 am	8:40 pm
Mar 11 2020	6:58:05 am	7:24:09 am	7:14:20 pm	7:40:24 pm	11:50:11	1:19:14 pm	6:27 am	8:10 pm	5:56 am	8:41 pm
Mar 12 2020	6:56:35 am	7:22:39 am	7:15:17 pm	7:41:21 pm	11:52:38	1:18:58 pm	6:26 am	8:11 pm	5:55 am	8:42 pm
Mar 13 2020	6:55:05 am	7:21:09 am	7:16:14 pm	7:42:18 pm	11:55:05	1:18:41 pm	6:24 am	8:12 pm	5:53 am	8:43 pm
Mar 14 2020	6:53:35 am	7:19:38 am	7:17:11 pm	7:43:14 pm	11:57:33	1:18:25 pm	6:23 am	8:13 pm	5:52 am	8:44 pm
Mar 15 2020	6:52:04 am	7:18:08 am	7:18:07 pm	7:44:11 pm	11:59:59	1:18:07 pm	6:21 am	8:14 pm	5:50 am	8:45 pm
Mar 16 2020	6:50:33 am	7:16:37 am	7:19:03 pm	7:45:07 pm	12:02:26	1:17:50 pm	6:20 am	8:15 pm	5:49 am	8:46 pm
Mar 17 2020	6:49:02 am	7:15:06 am	7:19:59 pm	7:46:04 pm	12:04:53	1:17:33 pm	6:18 am	8:16 pm	5:47 am	8:47 pm
Mar 18 2020	6:47:30 am	7:13:35 am	7:20:55 pm	7:47:00 pm	12:07:20	1:17:15 pm	6:16 am	8:17 pm	5:45 am	8:48 pm
Mar 19 2020	6:45:58 am	7:12:04 am	7:21:51 pm	7:47:57 pm	12:09:47	1:16:57 pm	6:15 am	8:18 pm	5:44 am	8:49 pm
Mar 20 2020	6:44:26 am	7:10:32 am	7:22:47 pm	7:48:53 pm	12:12:15	1:16:39 pm	6:13 am	8:19 pm	5:42 am	8:50 pm
Mar 21 2020	6:42:54 am	7:09:01 am	7:23:42 pm	7:49:50 pm	12:14:41	1:16:22 pm	6:12 am	8:20 pm	5:40 am	8:51 pm
Mar 22 2020	6:41:21 am	7:07:30 am	7:24:37 pm	7:50:46 pm	12:17:07	1:16:03 pm	6:10 am	8:21 pm	5:39 am	8:52 pm
Mar 23 2020	6:39:49 am	7:05:58 am	7:25:33 pm	7:51:42 pm	12:19:35	1:15:45 pm	6:09 am	8:22 pm	5:37 am	8:53 pm
Mar 24 2020	6:38:16 am	7:04:27 am	7:26:28 pm	7:52:39 pm	12:22:01	1:15:27 pm	6:07 am	8:23 pm	5:36 am	8:54 pm
Mar 25 2020	6:36:43 am	7:02:55 am	7:27:23 pm	7:53:35 pm	12:24:28	1:15:09 pm	6:05 am	8:24 pm	5:34 am	8:55 pm
Mar 26 2020	6:35:10 am	7:01:24 am	7:28:18 pm	7:54:32 pm	12:26:54	1:14:51 pm	6:04 am	8:25 pm	5:32 am	8:57 pm
Mar 27 2020	6:33:38 am	6:59:53 am	7:29:13 pm	7:55:28 pm	12:29:20	1:14:33 pm	6:02 am	8:26 pm	5:30 am	8:58 pm
Mar 28 2020	6:32:05 am	6:58:22 am	7:30:08 pm	7:56:25 pm	12:31:46	1:14:15 pm	6:01 am	8:27 pm	5:29 am	8:59 pm
Mar 29 2020	6:30:32 am	6:56:51 am	7:31:03 pm	7:57:21 pm	12:34:12	1:13:57 pm	5:59 am	8:28 pm	5:27 am	9:00 pm
Mar 30 2020	6:29:00 am	6:55:21 am	7:31:57 pm	7:58:18 pm	12:36:36	1:13:39 pm	5:57 am	8:29 pm	5:25 am	9:01 pm
Mar 31 2020	6:27:27 am	6:53:50 am	7:32:52 pm	7:59:15 pm	12:39:02	1:13:21 pm	5:56 am	8:30 pm	5:24 am	9:02 pm
Apr 1 2020	6:25:55 am	6:52:20 am	7:33:47 pm	8:00:12 pm	12:41:27	1:13:04 pm	5:54 am	8:31 pm	5:22 am	9:03 pm
Apr 2 2020	6:24:23 am	6:50:51 am	7:34:42 pm	8:01:09 pm	12:43:51	1:12:46 pm	5:53 am	8:32 pm	5:20 am	9:04 pm
Apr 3 2020	6:22:51 am	6:49:21 am	7:35:36 pm	8:02:06 pm	12:46:15	1:12:29 pm	5:51 am	8:33 pm	5:19 am	9:05 pm
Apr 4 2020	6:21:20 am	6:47:52 am	7:36:31 pm	8:03:04 pm	12:48:39	1:12:12 pm	5:49 am	8:34 pm	5:17 am	9:07 pm
Apr 5 2020	6:19:48 am	6:46:24 am	7:37:26 pm	8:04:01 pm	12:51:02	1:11:55 pm	5:48 am	8:35 pm	5:15 am	9:08 pm
Apr 6 2020	6:18:17 am	6:44:55 am	7:38:20 pm	8:04:58 pm	12:53:25	1:11:38 pm	5:46 am	8:36 pm	5:13 am	9:09 pm
Apr 7 2020	6:16:47 am	6:43:28 am	7:39:15 pm	8:05:56 pm	12:55:47	1:11:21 pm	5:45 am	8:37 pm	5:12 am	9:10 pm
Apr 8 2020	6:15:16 am	6:42:00 am	7:40:10 pm	8:06:54 pm	12:58:10	1:11:05 pm	5:43 am	8:38 pm	5:10 am	9:11 pm
Apr 9 2020	6:13:46 am	6:40:33 am	7:41:05 pm	8:07:52 pm	13:00:32	1:10:49 pm	5:41 am	8:39 pm	5:08 am	9:12 pm
Apr 10 2020	6:12:17 am	6:39:07 am	7:42:00 pm	8:08:50 pm	13:02:53	1:10:33 pm	5:40 am	8:40 pm	5:07 am	9:14 pm
Apr 11 2020	6:10:48 am	6:37:41 am	7:42:55 pm	8:09:48 pm	13:05:14	1:10:18 pm	5:38 am	8:41 pm	5:05 am	9:15 pm
Apr 12 2020	6:09:19 am	6:36:16 am	7:43:49 pm	8:10:46 pm	13:07:33	1:10:03 pm	5:37 am	8:42 pm	5:03 am	9:16 pm
Apr 13 2020	6:07:52 am	6:34:52 am	7:44:44 pm	8:11:45 pm	13:09:52	1:09:48 pm	5:35 am	8:44 pm	5:01 am	9:17 pm
Apr 14 2020	6:06:24 am	6:33:28 am	7:45:39 pm	8:12:43 pm	13:12:11	1:09:34 pm	5:34 am	8:45 pm	5:00 am	9:18 pm
Apr 15 2020	6:04:57 am	6:32:05 am	7:46:34 pm	8:13:42 pm	13:14:29	1:09:20 pm	5:32 am	8:46 pm	4:58 am	9:20 pm
Apr 16 2020	6:03:31 am	6:30:43 am	7:47:30 pm	8:14:41 pm	13:16:47	1:09:06 pm	5:30 am	8:47 pm	4:56 am	9:21 pm
Apr 17 2020	6:02:06 am	6:29:21 am	7:48:25 pm	8:15:40 pm	13:19:04	1:08:53 pm	5:29 am	8:48 pm	4:55 am	9:22 pm
Apr 18 2020	6:00:41 am	6:28:00 am	7:49:20 pm	8:16:39 pm	13:21:20	1:08:40 pm	5:27 am	8:49 pm	4:53 am	9:23 pm
Apr 19 2020	5:59:17 am	6:26:40 am	7:50:15 pm	8:17:39 pm	13:23:35	1:08:28 pm	5:26 am	8:50 pm	4:51 am	9:25 pm
Apr 20 2020	5:57:53 am	6:25:21 am	7:51:10 pm	8:18:38 pm	13:25:49	1:08:16 pm	5:24 am	8:51 pm	4:50 am	9:26 pm
Apr 21 2020	5:56:31 am	6:24:03 am	7:52:06 pm	8:19:37 pm	13:28:03	1:08:04 pm	5:23 am	8:52 pm	4:48 am	9:27 pm
Apr 22 2020	5:55:09 am	6:22:45 am	7:53:01 pm	8:20:37 pm	13:30:16	1:07:53 pm	5:21 am	8:53 pm	4:46 am	9:28 pm
Apr 23 2020	5:53:48 am	6:21:29 am	7:53:56 pm	8:21:37 pm	13:32:27	1:07:42 pm	5:20 am	8:55 pm	4:45 am	9:30 pm
Apr 24 2020	5:52:28 am	6:20:13 am	7:54:51 pm	8:22:36 pm	13:34:38	1:07:32 pm	5:18 am	8:56 pm	4:43 am	9:31 pm
Apr 25 2020	5:51:09 am	6:18:58 am	7:55:47 pm	8:23:36 pm	13:36:49	1:07:23 pm	5:17 am	8:57 pm	4:41 am	9:32 pm
Apr 26 2020	5:49:51 am	6:17:45 am	7:56:42 pm	8:24:36 pm	13:38:57	1:07:13 pm	5:16 am	8:58 pm	4:40 am	9:34 pm
Apr 27 2020	5:48:33 am	6:16:32 am	7:57:37 pm	8:25:36 pm	13:41:05	1:07:05 pm	5:14 am	8:59 pm	4:38 am	9:35 pm
Apr 28 2020	5:47:17 am	6:15:21 am	7:58:32 pm	8:26:36 pm	13:43:11	1:06:57 pm	5:13 am	9:00 pm	4:37 am	9:36 pm
Apr 29 2020	5:46:02 am	6:14:11 am	7:59:27 pm	8:27:36 pm	13:45:16	1:06:49 pm	5:11 am	9:01 pm	4:35 am	9:38 pm
Apr 30 2020	5:44:48 am	6:13:02 am	8:00:23 pm	8:28:36 pm	13:47:21	1:06:42 pm	5:10 am	9:02 pm	4:34 am	9:39 pm
May 1 2020	5:43:35 am	6:11:54 am	8:01:18 pm	8:29:36 pm	13:49:24	1:06:36 pm	5:09 am	9:03 pm	4:32 am	9:40 pm
May 2 2020	5:42:24 am	6:10:47 am	8:02:12 pm	8:30:36 pm	13:51:25	1:06:30 pm	5:07 am	9:05 pm	4:30 am	9:42 pm
May 3 2020	5:41:13 am	6:09:41 am	8:03:07 pm	8:31:35 pm	13:53:26	1:06:24 pm	5:06 am	9:06 pm	4:29 am	9:43 pm
May 4 2020	5:40:04 am	6:08:37 am	8:04:02 pm	8:32:35 pm	13:55:25	1:06:19 pm	5:05 am	9:07 pm	4:27 am	9:44 pm
May 5 2020	5:38:56 am	6:07:34 am	8:04:56 pm	8:33:34 pm	13:57:22	1:06:15 pm	5:04 am	9:08 pm	4:26 am	9:46 pm
May 6 2020	5:37:49 am	6:06:32 am	8:05:51 pm	8:34:34 pm	13:59:19	1:06:11 pm	5:02 am	9:09 pm	4:25 am	9:47 pm
May 7 2020	5:36:43 am	6:05:32 am	8:06:45 pm	8:35:33 pm	14:01:13	1:06:08 pm	5:01 am	9:10 pm	4:23 am	9:48 pm
May 8 2020	5:35:39 am	6:04:33 am	8:07:39 pm	8:36:32 pm	14:03:06	1:06:06 pm	5:00 am	9:11 pm	4:22 am	9:50 pm
May 9 2020	5:34:37 am	6:03:35 am	8:08:32 pm	8:37:31 pm	14:04:57	1:06:04 pm	4:59 am	9:12 pm	4:20 am	9:51 pm
May 10 2020	5:33:35 am	6:02:39 am	8:09:26 pm	8:38:29 pm	14:06:47	1:06:02 pm	4:57 am	9:14 pm	4:19 am	9:52 pm
May 11 2020	5:32:35 am	6:01:44 am	8:10:19 pm	8:39:27 pm	14:08:35	1:06:01 pm	4:56 am	9:15 pm	4:18 am	9:54 pm
May 12 2020	5:31:37 am	6:00:51 am	8:11:11 pm	8:40:25 pm	14:10:20	1:06:01 pm	4:55 am	9:16 pm	4:16 am	9:55 pm
May 13 2020	5:30:40 am	5:59:59 am	8:12:04 pm	8:41:23 pm	14:12:05	1:06:01 pm	4:54 am	9:17 pm	4:15 am	9:56 pm
May 14 2020	5:29:45 am	5:59:09 am	8:12:56 pm	8:42:20 pm	14:13:47	1:06:02 pm	4:53 am	9:18 pm	4:14 am	9:57 pm
May 15 2020	5:28:51 am	5:58:20 am	8:13:47 pm	8:43:16 pm	14:15:27	1:06:04 pm	4:52 am	9:19 pm	4:12 am	9:59 pm
May 16 2020	5:27:59 am	5:57:33 am	8:14:39 pm	8:44:12 pm	14:17:06	1:06:06 pm	4:51 am	9:20 pm	4:11 am	10:00 pm
May 17 2020	5:27:08 am	5:56:47 am	8:15:29 pm	8:45:08 pm	14:18:42	1:06:08 pm	4:50 am	9:21 pm	4:10 am	10:01 pm
May 18 2020	5:26:20 am	5:56:03 am	8:16:19 pm	8:46:03 pm	14:20:16	1:06:11 pm	4:49 am	9:22 pm	4:09 am	10:03 pm
May 19 2020	5:25:32 am	5:55:21 am	8:17:09 pm	8:46:57 pm	14:21:48	1:06:15 pm	4:48 am	9:23 pm	4:08 am	10:04 pm
May 20 2020	5:24:47 am	5:54:40 am	8:17:58 pm	8:47:51 pm	14:23:18	1:06:19 pm	4:47 am	9:24 pm	4:07 am	10:05 pm
May 21 2020	5:24:03 am	5:54:01 am	8:18:46 pm	8:48:44 pm	14:24:45	1:06:24 pm	4:46 am	9:25 pm	4:06 am	10:06 pm
May 22 2020	5:23:21 am	5:53:23 am	8:19:34 pm	8:49:37 pm	14:26:11	1:06:29 pm	4:46 am	9:26 pm	4:05 am	10:07 pm
May 23 2020	5:22:41 am	5:52:48 am	8:20:21 pm	8:50:28 pm	14:27:33	1:06:35 pm	4:45 am	9:27 pm	4:04 am	10:09 pm
May 24 2020	5:22:02 am	5:52:14 am	8:21:08 pm	8:51:19 pm	14:28:54	1:06:41 pm	4:44 am	9:28 pm	4:03 am	10:10 pm
May 25 2020	5:21:26 am	5:51:42 am	8:21:53 pm	8:52:09 pm	14:30:11	1:06:47 pm	4:43 am	9:29 pm	4:02 am	10:11 pm
May 26 2020	5:20:51 am	5:51:11 am	8:22:38 pm	8:52:58 pm	14:31:27	1:06:55 pm	4:43 am	9:30 pm	4:01 am	10:12 pm
May 27 2020	5:20:18 am	5:50:42 am	8:23:22 pm	8:53:46 pm	14:32:40	1:07:02 pm	4:42 am	9:31 pm	4:00 am	10:13 pm
May 28 2020	5:19:47 am	5:50:15 am	8:24:05 pm	8:54:33 pm	14:33:50	1:07:10 pm	4:41 am	9:32 pm	3:59 am	10:14 pm
May 29 2020	5:19:18 am	5:49:50 am	8:24:47 pm	8:55:19 pm	14:34:57	1:07:19 pm	4:41 am	9:33 pm	3:58 am	10:15 pm
May 30 2020	5:18:51 am	5:49:27 am	8:25:28 pm	8:56:04 pm	14:36:01	1:07:28 pm	4:40 am	9:34 pm	3:58 am	10:16 pm
May 31 2020	5:18:26 am	5:49:05 am	8:26:09 pm	8:56:48 pm	14:37:04	1:07:37 pm	4:40 am	9:35 pm	3:57 am	10:17 pm
Jun 1 2020	5:18:02 am	5:48:45 am	8:26:48 pm	8:57:31 pm	14:38:03	1:07:47 pm	4:39 am	9:35 pm	3:56 am	10:18 pm
Jun 2 2020	5:17:41 am	5:48:27 am	8:27:26 pm	8:58:12 pm	14:38:59	1:07:57 pm	4:39 am	9:36 pm	3:56 am	10:19 pm
Jun 3 2020	5:17:22 am	5:48:11 am	8:28:03 pm	8:58:52 pm	14:39:52	1:08:07 pm	4:38 am	9:37 pm	3:55 am	10:20 pm
Jun 4 2020	5:17:04 am	5:47:57 am	8:28:39 pm	8:59:31 pm	14:40:42	1:08:18 pm	4:38 am	9:38 pm	3:55 am	10:21 pm
Jun 5 2020	5:16:49 am	5:47:44 am	8:29:13 pm	9:00:09 pm	14:41:29	1:08:29 pm	4:38 am	9:38 pm	3:54 am	10:22 pm
Jun 6 2020	5:16:35 am	5:47:33 am	8:29:47 pm	9:00:45 pm	14:42:14	1:08:40 pm	4:37 am	9:39 pm	3:54 am	10:23 pm
Jun 7 2020	5:16:24 am	5:47:24 am	8:30:19 pm	9:01:20 pm	14:42:55	1:08:52 pm	4:37 am	9:40 pm	3:53 am	10:23 pm
Jun 8 2020	5:16:14 am	5:47:17 am	8:30:50 pm	9:01:53 pm	14:43:33	1:09:03 pm	4:37 am	9:40 pm	3:53 am	10:24 pm
Jun 9 2020	5:16:07 am	5:47:12 am	8:31:19 pm	9:02:24 pm	14:44:07	1:09:16 pm	4:37 am	9:41 pm	3:53 am	10:25 pm
Jun 10 2020	5:16:01 am	5:47:08 am	8:31:47 pm	9:02:55 pm	14:44:39	1:09:28 pm	4:37 am	9:41 pm	3:52 am	10:26 pm
Jun 11 2020	5:15:57 am	5:47:06 am	8:32:14 pm	9:03:23 pm	14:45:08	1:09:40 pm	4:36 am	9:42 pm	3:52 am	10:26 pm
Jun 12 2020	5:15:56 am	5:47:06 am	8:32:39 pm	9:03:50 pm	14:45:33	1:09:53 pm	4:36 am	9:42 pm	3:52 am	10:27 pm
Jun 13 2020	5:15:56 am	5:47:08 am	8:33:03 pm	9:04:15 pm	14:45:55	1:10:06 pm	4:36 am	9:43 pm	3:52 am	10:27 pm
Jun 14 2020	5:15:58 am	5:47:12 am	8:33:25 pm	9:04:39 pm	14:46:13	1:10:18 pm	4:36 am	9:43 pm	3:52 am	10:28 pm
Jun 15 2020	5:16:02 am	5:47:17 am	8:33:46 pm	9:05:00 pm	14:46:29	1:10:31 pm	4:36 am	9:44 pm	3:52 am	10:28 pm
Jun 16 2020	5:16:08 am	5:47:24 am	8:34:05 pm	9:05:20 pm	14:46:41	1:10:44 pm	4:36 am	9:44 pm	3:52 am	10:29 pm
Jun 17 2020	5:16:16 am	5:47:32 am	8:34:23 pm	9:05:39 pm	14:46:51	1:10:57 pm	4:37 am	9:44 pm	3:52 am	10:29 pm
Jun 18 2020	5:16:26 am	5:47:42 am	8:34:39 pm	9:05:55 pm	14:46:57	1:11:11 pm	4:37 am	9:45 pm	3:52 am	10:29 pm
Jun 19 2020	5:16:38 am	5:47:54 am	8:34:53 pm	9:06:09 pm	14:46:59	1:11:24 pm	4:37 am	9:45 pm	3:52 am	10:29 pm
Jun 20 2020	5:16:51 am	5:48:08 am	8:35:06 pm	9:06:22 pm	14:46:58	1:11:37 pm	4:37 am	9:45 pm	3:53 am	10:30 pm
Jun 21 2020	5:17:07 am	5:48:23 am	8:35:17 pm	9:06:33 pm	14:46:54	1:11:50 pm	4:37 am	9:45 pm	3:53 am	10:30 pm
Jun 22 2020	5:17:24 am	5:48:39 am	8:35:26 pm	9:06:42 pm	14:46:47	1:12:03 pm	4:38 am	9:45 pm	3:53 am	10:30 pm
Jun 23 2020	5:17:42 am	5:48:57 am	8:35:34 pm	9:06:48 pm	14:46:37	1:12:15 pm	4:38 am	9:46 pm	3:54 am	10:30 pm
Jun 24 2020	5:18:03 am	5:49:17 am	8:35:39 pm	9:06:53 pm	14:46:22	1:12:28 pm	4:38 am	9:46 pm	3:54 am	10:30 pm
Jun 25 2020	5:18:25 am	5:49:38 am	8:35:43 pm	9:06:56 pm	14:46:05	1:12:41 pm	4:39 am	9:46 pm	3:54 am	10:30 pm
Jun 26 2020	5:18:49 am	5:50:01 am	8:35:46 pm	9:06:57 pm	14:45:45	1:12:53 pm	4:39 am	9:46 pm	3:55 am	10:30 pm
Jun 27 2020	5:19:15 am	5:50:25 am	8:35:46 pm	9:06:56 pm	14:45:21	1:13:05 pm	4:40 am	9:46 pm	3:55 am	10:30 pm
Jun 28 2020	5:19:42 am	5:50:50 am	8:35:45 pm	9:06:53 pm	14:44:55	1:13:17 pm	4:40 am	9:45 pm	3:56 am	10:30 pm
Jun 29 2020	5:20:10 am	5:51:17 am	8:35:41 pm	9:06:48 pm	14:44:24	1:13:29 pm	4:41 am	9:45 pm	3:57 am	10:29 pm
Jun 30 2020	5:20:40 am	5:51:45 am	8:35:36 pm	9:06:41 pm	14:43:51	1:13:41 pm	4:41 am	9:45 pm	3:57 am	10:29 pm
Jul 1 2020	5:21:12 am	5:52:14 am	8:35:29 pm	9:06:32 pm	14:43:15	1:13:52 pm	4:42 am	9:45 pm	3:58 am	10:29 pm
Jul 2 2020	5:21:45 am	5:52:45 am	8:35:21 pm	9:06:21 pm	14:42:36	1:14:03 pm	4:42 am	9:45 pm	3:59 am	10:28 pm
Jul 3 2020	5:22:19 am	5:53:17 am	8:35:10 pm	9:06:07 pm	14:41:53	1:14:13 pm	4:43 am	9:44 pm	3:59 am	10:28 pm
Jul 4 2020	5:22:55 am	5:53:50 am	8:34:58 pm	9:05:52 pm	14:41:08	1:14:24 pm	4:44 am	9:44 pm	4:00 am	10:28 pm
Jul 5 2020	5:23:32 am	5:54:24 am	8:34:43 pm	9:05:35 pm	14:40:19	1:14:34 pm	4:44 am	9:44 pm	4:01 am	10:27 pm
Jul 6 2020	5:24:11 am	5:54:59 am	8:34:27 pm	9:05:16 pm	14:39:28	1:14:43 pm	4:45 am	9:43 pm	4:02 am	10:26 pm
Jul 7 2020	5:24:50 am	5:55:35 am	8:34:09 pm	9:04:55 pm	14:38:34	1:14:52 pm	4:46 am	9:43 pm	4:03 am	10:26 pm
Jul 8 2020	5:25:31 am	5:56:13 am	8:33:50 pm	9:04:31 pm	14:37:37	1:15:01 pm	4:47 am	9:42 pm	4:04 am	10:25 pm
Jul 9 2020	5:26:13 am	5:56:51 am	8:33:28 pm	9:04:06 pm	14:36:37	1:15:09 pm	4:48 am	9:42 pm	4:05 am	10:25 pm
Jul 10 2020	5:26:55 am	5:57:30 am	8:33:04 pm	9:03:39 pm	14:35:34	1:15:17 pm	4:48 am	9:41 pm	4:06 am	10:24 pm
Jul 11 2020	5:27:39 am	5:58:10 am	8:32:39 pm	9:03:10 pm	14:34:29	1:15:25 pm	4:49 am	9:41 pm	4:07 am	10:23 pm
Jul 12 2020	5:28:24 am	5:58:51 am	8:32:12 pm	9:02:39 pm	14:33:21	1:15:32 pm	4:50 am	9:40 pm	4:08 am	10:22 pm
Jul 13 2020	5:29:10 am	5:59:33 am	8:31:43 pm	9:02:06 pm	14:32:10	1:15:38 pm	4:51 am	9:39 pm	4:09 am	10:21 pm
Jul 14 2020	5:29:57 am	6:00:15 am	8:31:12 pm	9:01:31 pm	14:30:57	1:15:44 pm	4:52 am	9:39 pm	4:10 am	10:21 pm
Jul 15 2020	5:30:44 am	6:00:59 am	8:30:40 pm	9:00:54 pm	14:29:41	1:15:49 pm	4:53 am	9:38 pm	4:11 am	10:20 pm
Jul 16 2020	5:31:33 am	6:01:43 am	8:30:06 pm	9:00:16 pm	14:28:23	1:15:54 pm	4:54 am	9:37 pm	4:12 am	10:19 pm
Jul 17 2020	5:32:22 am	6:02:28 am	8:29:30 pm	8:59:35 pm	14:27:02	1:15:59 pm	4:55 am	9:36 pm	4:13 am	10:18 pm
Jul 18 2020	5:33:12 am	6:03:13 am	8:28:52 pm	8:58:53 pm	14:25:39	1:16:02 pm	4:56 am	9:36 pm	4:14 am	10:17 pm
Jul 19 2020	5:34:02 am	6:03:59 am	8:28:12 pm	8:58:09 pm	14:24:13	1:16:06 pm	4:57 am	9:35 pm	4:16 am	10:16 pm
Jul 20 2020	5:34:54 am	6:04:45 am	8:27:31 pm	8:57:23 pm	14:22:46	1:16:08 pm	4:57 am	9:34 pm	4:17 am	10:14 pm
Jul 21 2020	5:35:45 am	6:05:32 am	8:26:48 pm	8:56:36 pm	14:21:16	1:16:10 pm	4:58 am	9:33 pm	4:18 am	10:13 pm
Jul 22 2020	5:36:38 am	6:06:20 am	8:26:04 pm	8:55:46 pm	14:19:44	1:16:12 pm	4:59 am	9:32 pm	4:19 am	10:12 pm
Jul 23 2020	5:37:31 am	6:07:08 am	8:25:18 pm	8:54:55 pm	14:18:10	1:16:13 pm	5:00 am	9:31 pm	4:20 am	10:11 pm
Jul 24 2020	5:38:24 am	6:07:56 am	8:24:30 pm	8:54:03 pm	14:16:34	1:16:13 pm	5:02 am	9:30 pm	4:22 am	10:10 pm
Jul 25 2020	5:39:18 am	6:08:45 am	8:23:41 pm	8:53:08 pm	14:14:56	1:16:13 pm	5:03 am	9:29 pm	4:23 am	10:08 pm
Jul 26 2020	5:40:12 am	6:09:34 am	8:22:50 pm	8:52:13 pm	14:13:16	1:16:12 pm	5:04 am	9:28 pm	4:24 am	10:07 pm
Jul 27 2020	5:41:06 am	6:10:24 am	8:21:58 pm	8:51:15 pm	14:11:34	1:16:11 pm	5:05 am	9:27 pm	4:25 am	10:06 pm
Jul 28 2020	5:42:01 am	6:11:14 am	8:21:04 pm	8:50:16 pm	14:09:50	1:16:09 pm	5:06 am	9:26 pm	4:27 am	10:05 pm
Jul 29 2020	5:42:56 am	6:12:04 am	8:20:08 pm	8:49:16 pm	14:08:04	1:16:06 pm	5:07 am	9:24 pm	4:28 am	10:03 pm
Jul 30 2020	5:43:52 am	6:12:54 am	8:19:11 pm	8:48:14 pm	14:06:17	1:16:03 pm	5:08 am	9:23 pm	4:29 am	10:02 pm
Jul 31 2020	5:44:47 am	6:13:45 am	8:18:13 pm	8:47:10 pm	14:04:28	1:15:59 pm	5:09 am	9:22 pm	4:31 am	10:00 pm
Aug 1 2020	5:45:43 am	6:14:36 am	8:17:13 pm	8:46:05 pm	14:02:37	1:15:54 pm	5:10 am	9:21 pm	4:32 am	9:59 pm
Aug 2 2020	5:46:39 am	6:15:27 am	8:16:12 pm	8:44:59 pm	14:00:45	1:15:49 pm	5:11 am	9:20 pm	4:33 am	9:58 pm
Aug 3 2020	5:47:35 am	6:16:18 am	8:15:09 pm	8:43:52 pm	13:58:51	1:15:44 pm	5:12 am	9:18 pm	4:34 am	9:56 pm
Aug 4 2020	5:48:32 am	6:17:09 am	8:14:05 pm	8:42:43 pm	13:56:56	1:15:37 pm	5:13 am	9:17 pm	4:36 am	9:55 pm
Aug 5 2020	5:49:28 am	6:18:01 am	8:13:00 pm	8:41:33 pm	13:54:59	1:15:30 pm	5:14 am	9:16 pm	4:37 am	9:53 pm
Aug 6 2020	5:50:24 am	6:18:52 am	8:11:54 pm	8:40:21 pm	13:53:02	1:15:23 pm	5:15 am	9:14 pm	4:38 am	9:52 pm
Aug 7 2020	5:51:21 am	6:19:44 am	8:10:46 pm	8:39:09 pm	13:51:02	1:15:15 pm	5:16 am	9:13 pm	4:39 am	9:50 pm
Aug 8 2020	5:52:17 am	6:20:35 am	8:09:37 pm	8:37:55 pm	13:49:02	1:15:06 pm	5:17 am	9:12 pm	4:41 am	9:48 pm
Aug 9 2020	5:53:14 am	6:21:27 am	8:08:27 pm	8:36:40 pm	13:47:00	1:14:57 pm	5:18 am	9:10 pm	4:42 am	9:47 pm
Aug 10 2020	5:54:10 am	6:22:19 am	8:07:16 pm	8:35:24 pm	13:44:57	1:14:47 pm	5:20 am	9:09 pm	4:43 am	9:45 pm
Aug 11 2020	5:55:07 am	6:23:10 am	8:06:03 pm	8:34:07 pm	13:42:53	1:14:37 pm	5:21 am	9:08 pm	4:45 am	9:44 pm
Aug 12 2020	5:56:03 am	6:24:02 am	8:04:50 pm	8:32:49 pm	13:40:48	1:14:26 pm	5:22 am	9:06 pm	4:46 am	9:42 pm
Aug 13 2020	5:57:00 am	6:24:54 am	8:03:35 pm	8:31:29 pm	13:38:41	1:14:14 pm	5:23 am	9:05 pm	4:47 am	9:40 pm
Aug 14 2020	5:57:56 am	6:25:45 am	8:02:19 pm	8:30:09 pm	13:36:34	1:14:02 pm	5:24 am	9:03 pm	4:48 am	9:39 pm
Aug 15 2020	5:58:52 am	6:26:37 am	8:01:03 pm	8:28:48 pm	13:34:26	1:13:50 pm	5:25 am	9:02 pm	4:49 am	9:37 pm
Aug 16 2020	5:59:48 am	6:27:29 am	7:59:45 pm	8:27:26 pm	13:32:16	1:13:37 pm	5:26 am	9:00 pm	4:51 am	9:36 pm
Aug 17 2020	6:00:44 am	6:28:20 am	7:58:27 pm	8:26:03 pm	13:30:07	1:13:23 pm	5:27 am	8:59 pm	4:52 am	9:34 pm
Aug 18 2020	6:01:40 am	6:29:12 am	7:57:07 pm	8:24:39 pm	13:27:55	1:13:09 pm	5:28 am	8:57 pm	4:53 am	9:32 pm
Aug 19 2020	6:02:35 am	6:30:03 am	7:55:47 pm	8:23:15 pm	13:25:44	1:12:55 pm	5:29 am	8:56 pm	4:54 am	9:31 pm
Aug 20 2020	6:03:31 am	6:30:55 am	7:54:25 pm	8:21:49 pm	13:23:30	1:12:40 pm	5:30 am	8:54 pm	4:56 am	9:29 pm
Aug 21 2020	6:04:26 am	6:31:46 am	7:53:03 pm	8:20:23 pm	13:21:17	1:12:25 pm	5:31 am	8:53 pm	4:57 am	9:27 pm
Aug 22 2020	6:05:21 am	6:32:37 am	7:51:40 pm	8:18:56 pm	13:19:03	1:12:09 pm	5:32 am	8:51 pm	4:58 am	9:25 pm
Aug 23 2020	6:06:16 am	6:33:28 am	7:50:16 pm	8:17:29 pm	13:16:48	1:11:52 pm	5:33 am	8:50 pm	4:59 am	9:24 pm
Aug 24 2020	6:07:11 am	6:34:20 am	7:48:52 pm	8:16:00 pm	13:14:32	1:11:36 pm	5:34 am	8:48 pm	5:00 am	9:22 pm
Aug 25 2020	6:08:06 am	6:35:11 am	7:47:27 pm	8:14:32 pm	13:12:16	1:11:19 pm	5:35 am	8:46 pm	5:01 am	9:20 pm
Aug 26 2020	6:09:00 am	6:36:02 am	7:46:01 pm	8:13:02 pm	13:09:59	1:11:01 pm	5:36 am	8:45 pm	5:03 am	9:18 pm
Aug 27 2020	6:09:55 am	6:36:53 am	7:44:34 pm	8:11:32 pm	13:07:41	1:10:43 pm	5:37 am	8:43 pm	5:04 am	9:17 pm
Aug 28 2020	6:10:49 am	6:37:43 am	7:43:07 pm	8:10:01 pm	13:05:24	1:10:25 pm	5:38 am	8:42 pm	5:05 am	9:15 pm
Aug 29 2020	6:11:43 am	6:38:34 am	7:41:39 pm	8:08:30 pm	13:03:05	1:10:07 pm	5:39 am	8:40 pm	5:06 am	9:13 pm
Aug 30 2020	6:12:37 am	6:39:25 am	7:40:11 pm	8:06:59 pm	13:00:46	1:09:48 pm	5:40 am	8:38 pm	5:07 am	9:12 pm
Aug 31 2020	6:13:31 am	6:40:15 am	7:38:42 pm	8:05:27 pm	12:58:27	1:09:29 pm	5:41 am	8:37 pm	5:08 am	9:10 pm
Sep 1 2020	6:14:24 am	6:41:06 am	7:37:13 pm	8:03:55 pm	12:56:07	1:09:09 pm	5:42 am	8:35 pm	5:09 am	9:08 pm
Sep 2 2020	6:15:18 am	6:41:57 am	7:35:43 pm	8:02:22 pm	12:53:46	1:08:50 pm	5:43 am	8:34 pm	5:10 am	9:06 pm
Sep 3 2020	6:16:11 am	6:42:47 am	7:34:13 pm	8:00:49 pm	12:51:26	1:08:30 pm	5:44 am	8:32 pm	5:11 am	9:05 pm
Sep 4 2020	6:17:04 am	6:43:38 am	7:32:42 pm	7:59:15 pm	12:49:04	1:08:10 pm	5:45 am	8:30 pm	5:13 am	9:03 pm
Sep 5 2020	6:17:57 am	6:44:28 am	7:31:11 pm	7:57:42 pm	12:46:43	1:07:49 pm	5:46 am	8:29 pm	5:14 am	9:01 pm
Sep 6 2020	6:18:50 am	6:45:18 am	7:29:39 pm	7:56:08 pm	12:44:21	1:07:29 pm	5:47 am	8:27 pm	5:15 am	8:59 pm
Sep 7 2020	6:19:42 am	6:46:09 am	7:28:07 pm	7:54:34 pm	12:41:58	1:07:08 pm	5:48 am	8:25 pm	5:16 am	8:58 pm
Sep 8 2020	6:20:35 am	6:46:59 am	7:26:35 pm	7:52:59 pm	12:39:36	1:06:47 pm	5:49 am	8:24 pm	5:17 am	8:56 pm
Sep 9 2020	6:21:28 am	6:47:50 am	7:25:03 pm	7:51:25 pm	12:37:13	1:06:26 pm	5:50 am	8:22 pm	5:18 am	8:54 pm
Sep 10 2020	6:22:20 am	6:48:40 am	7:23:30 pm	7:49:50 pm	12:34:50	1:06:05 pm	5:51 am	8:20 pm	5:19 am	8:52 pm
Sep 11 2020	6:23:12 am	6:49:30 am	7:21:57 pm	7:48:15 pm	12:32:27	1:05:44 pm	5:52 am	8:19 pm	5:20 am	8:51 pm
Sep 12 2020	6:24:04 am	6:50:21 am	7:20:24 pm	7:46:40 pm	12:30:03	1:05:22 pm	5:53 am	8:17 pm	5:21 am	8:49 pm
Sep 13 2020	6:24:57 am	6:51:11 am	7:18:51 pm	7:45:06 pm	12:27:40	1:05:01 pm	5:54 am	8:16 pm	5:22 am	8:47 pm
Sep 14 2020	6:25:49 am	6:52:02 am	7:17:17 pm	7:43:31 pm	12:25:15	1:04:40 pm	5:54 am	8:14 pm	5:23 am	8:45 pm
Sep 15 2020	6:26:41 am	6:52:53 am	7:15:44 pm	7:41:56 pm	12:22:51	1:04:18 pm	5:55 am	8:12 pm	5:24 am	8:44 pm
Sep 16 2020	6:27:33 am	6:53:43 am	7:14:10 pm	7:40:21 pm	12:20:27	1:03:57 pm	5:56 am	8:11 pm	5:25 am	8:42 pm
Sep 17 2020	6:28:25 am	6:54:34 am	7:12:37 pm	7:38:46 pm	12:18:03	1:03:35 pm	5:57 am	8:09 pm	5:26 am	8:40 pm
Sep 18 2020	6:29:16 am	6:55:25 am	7:11:03 pm	7:37:11 pm	12:15:38	1:03:14 pm	5:58 am	8:07 pm	5:27 am	8:39 pm
Sep 19 2020	6:30:08 am	6:56:16 am	7:09:29 pm	7:35:37 pm	12:13:13	1:02:53 pm	5:59 am	8:06 pm	5:28 am	8:37 pm
Sep 20 2020	6:31:00 am	6:57:07 am	7:07:56 pm	7:34:02 pm	12:10:49	1:02:31 pm	6:00 am	8:04 pm	5:29 am	8:35 pm
Sep 21 2020	6:31:52 am	6:57:58 am	7:06:22 pm	7:32:28 pm	12:08:24	1:02:10 pm	6:01 am	8:03 pm	5:30 am	8:34 pm
Sep 22 2020	6:32:44 am	6:58:50 am	7:04:49 pm	7:30:54 pm	12:05:59	1:01:49 pm	6:02 am	8:01 pm	5:31 am	8:32 pm
Sep 23 2020	6:33:36 am	6:59:41 am	7:03:16 pm	7:29:21 pm	12:03:35	1:01:28 pm	6:03 am	7:59 pm	5:32 am	8:30 pm
Sep 24 2020	6:34:28 am	7:00:33 am	7:01:42 pm	7:27:47 pm	12:01:09	1:01:08 pm	6:03 am	7:58 pm	5:33 am	8:29 pm
Sep 25 2020	6:35:20 am	7:01:25 am	7:00:10 pm	7:26:14 pm	11:58:45	1:00:47 pm	6:04 am	7:56 pm	5:34 am	8:27 pm
Sep 26 2020	6:36:12 am	7:02:17 am	6:58:37 pm	7:24:41 pm	11:56:20	1:00:27 pm	6:05 am	7:55 pm	5:34 am	8:25 pm
Sep 27 2020	6:37:05 am	7:03:09 am	6:57:04 pm	7:23:09 pm	11:53:55	1:00:07 pm	6:06 am	7:53 pm	5:35 am	8:24 pm
Sep 28 2020	6:37:57 am	7:04:01 am	6:55:32 pm	7:21:37 pm	11:51:31	12:59:47 pm	6:07 am	7:52 pm	5:36 am	8:22 pm
Sep 29 2020	6:38:50 am	7:04:54 am	6:54:00 pm	7:20:05 pm	11:49:06	12:59:27 pm	6:08 am	7:50 pm	5:37 am	8:21 pm
Sep 30 2020	6:39:42 am	7:05:47 am	6:52:29 pm	7:18:34 pm	11:46:42	12:59:08 pm	6:09 am	7:48 pm	5:38 am	8:19 pm
Oct 1 2020	6:40:35 am	7:06:40 am	6:50:58 pm	7:17:03 pm	11:44:18	12:58:49 pm	6:10 am	7:47 pm	5:39 am	8:18 pm
Oct 2 2020	6:41:28 am	7:07:34 am	6:49:27 pm	7:15:33 pm	11:41:53	12:58:30 pm	6:11 am	7:45 pm	5:40 am	8:16 pm
Oct 3 2020	6:42:21 am	7:08:27 am	6:47:57 pm	7:14:03 pm	11:39:30	12:58:12 pm	6:11 am	7:44 pm	5:41 am	8:14 pm
Oct 4 2020	6:43:14 am	7:09:21 am	6:46:27 pm	7:12:34 pm	11:37:06	12:57:54 pm	6:12 am	7:42 pm	5:42 am	8:13 pm
Oct 5 2020	6:44:07 am	7:10:15 am	6:44:57 pm	7:11:06 pm	11:34:42	12:57:36 pm	6:13 am	7:41 pm	5:43 am	8:11 pm
Oct 6 2020	6:45:01 am	7:11:10 am	6:43:28 pm	7:09:38 pm	11:32:18	12:57:19 pm	6:14 am	7:40 pm	5:44 am	8:10 pm
Oct 7 2020	6:45:54 am	7:12:05 am	6:42:00 pm	7:08:11 pm	11:29:55	12:57:02 pm	6:15 am	7:38 pm	5:45 am	8:09 pm
Oct 8 2020	6:46:48 am	7:13:00 am	6:40:32 pm	7:06:44 pm	11:27:32	12:56:46 pm	6:16 am	7:37 pm	5:46 am	8:07 pm
Oct 9 2020	6:47:42 am	7:13:55 am	6:39:05 pm	7:05:18 pm	11:25:10	12:56:30 pm	6:17 am	7:35 pm	5:46 am	8:06 pm
Oct 10 2020	6:48:37 am	7:14:51 am	6:37:39 pm	7:03:53 pm	11:22:48	12:56:15 pm	6:18 am	7:34 pm	5:47 am	8:04 pm
Oct 11 2020	6:49:31 am	7:15:47 am	6:36:13 pm	7:02:29 pm	11:20:26	12:56:00 pm	6:19 am	7:32 pm	5:48 am	8:03 pm
Oct 12 2020	6:50:26 am	7:16:44 am	6:34:48 pm	7:01:06 pm	11:18:04	12:55:46 pm	6:20 am	7:31 pm	5:49 am	8:01 pm
Oct 13 2020	6:51:21 am	7:17:40 am	6:33:24 pm	6:59:43 pm	11:15:44	12:55:32 pm	6:20 am	7:30 pm	5:50 am	8:00 pm
Oct 14 2020	6:52:16 am	7:18:37 am	6:32:00 pm	6:58:22 pm	11:13:23	12:55:19 pm	6:21 am	7:28 pm	5:51 am	7:59 pm
Oct 15 2020	6:53:11 am	7:19:35 am	6:30:37 pm	6:57:01 pm	11:11:02	12:55:06 pm	6:22 am	7:27 pm	5:52 am	7:57 pm
Oct 16 2020	6:54:07 am	7:20:32 am	6:29:16 pm	6:55:41 pm	11:08:44	12:54:54 pm	6:23 am	7:26 pm	5:53 am	7:56 pm
Oct 17 2020	6:55:03 am	7:21:31 am	6:27:55 pm	6:54:22 pm	11:06:24	12:54:43 pm	6:24 am	7:24 pm	5:54 am	7:55 pm
Oct 18 2020	6:55:59 am	7:22:29 am	6:26:34 pm	6:53:04 pm	11:04:05	12:54:32 pm	6:25 am	7:23 pm	5:55 am	7:54 pm
Oct 19 2020	6:56:56 am	7:23:28 am	6:25:15 pm	6:51:47 pm	11:01:47	12:54:22 pm	6:26 am	7:22 pm	5:55 am	7:52 pm
Oct 20 2020	6:57:52 am	7:24:27 am	6:23:57 pm	6:50:32 pm	10:59:30	12:54:12 pm	6:27 am	7:21 pm	5:56 am	7:51 pm
Oct 21 2020	6:58:49 am	7:25:26 am	6:22:40 pm	6:49:17 pm	10:57:14	12:54:03 pm	6:28 am	7:19 pm	5:57 am	7:50 pm
Oct 22 2020	6:59:47 am	7:26:26 am	6:21:24 pm	6:48:03 pm	10:54:58	12:53:55 pm	6:29 am	7:18 pm	5:58 am	7:49 pm
Oct 23 2020	7:00:44 am	7:27:26 am	6:20:09 pm	6:46:51 pm	10:52:43	12:53:47 pm	6:30 am	7:17 pm	5:59 am	7:47 pm
Oct 24 2020	7:01:42 am	7:28:27 am	6:18:55 pm	6:45:40 pm	10:50:28	12:53:41 pm	6:30 am	7:16 pm	6:00 am	7:46 pm
Oct 25 2020	7:02:40 am	7:29:28 am	6:17:42 pm	6:44:30 pm	10:48:14	12:53:35 pm	6:31 am	7:15 pm	6:01 am	7:45 pm
Oct 26 2020	7:03:38 am	7:30:29 am	6:16:30 pm	6:43:21 pm	10:46:01	12:53:29 pm	6:32 am	7:14 pm	6:02 am	7:44 pm
Oct 27 2020	7:04:36 am	7:31:30 am	6:15:19 pm	6:42:13 pm	10:43:49	12:53:25 pm	6:33 am	7:13 pm	6:03 am	7:43 pm
Oct 28 2020	7:05:35 am	7:32:32 am	6:14:10 pm	6:41:07 pm	10:41:38	12:53:21 pm	6:34 am	7:12 pm	6:04 am	7:42 pm
Oct 29 2020	7:06:34 am	7:33:34 am	6:13:02 pm	6:40:02 pm	10:39:28	12:53:18 pm	6:35 am	7:10 pm	6:05 am	7:41 pm
Oct 30 2020	7:07:33 am	7:34:36 am	6:11:56 pm	6:38:59 pm	10:37:20	12:53:16 pm	6:36 am	7:09 pm	6:06 am	7:40 pm
Oct 31 2020	7:08:32 am	7:35:39 am	6:10:50 pm	6:37:57 pm	10:35:11	12:53:14 pm	6:37 am	7:08 pm	6:06 am	7:39 pm
Nov 1 2020	6:09:34 am	6:36:44 am	5:09:44 pm	5:36:53 pm	10:33:00	11:53:14 am	5:38 am	6:07 pm	5:07 am	6:38 pm
Nov 2 2020	6:10:34 am	6:37:47 am	5:08:41 pm	5:35:54 pm	10:30:54	11:53:14 am	5:39 am	6:07 pm	5:08 am	6:37 pm
Nov 3 2020	6:11:34 am	6:38:50 am	5:07:40 pm	5:34:57 pm	10:28:50	11:53:15 am	5:40 am	6:06 pm	5:09 am	6:36 pm
Nov 4 2020	6:12:34 am	6:39:54 am	5:06:40 pm	5:34:01 pm	10:26:46	11:53:17 am	5:41 am	6:05 pm	5:10 am	6:35 pm
Nov 5 2020	6:13:34 am	6:40:57 am	5:05:42 pm	5:33:06 pm	10:24:45	11:53:20 am	5:42 am	6:04 pm	5:11 am	6:35 pm
Nov 6 2020	6:14:34 am	6:42:01 am	5:04:46 pm	5:32:13 pm	10:22:45	11:53:23 am	5:43 am	6:03 pm	5:12 am	6:34 pm
Nov 7 2020	6:15:34 am	6:43:05 am	5:03:51 pm	5:31:21 pm	10:20:46	11:53:28 am	5:44 am	6:02 pm	5:13 am	6:33 pm
Nov 8 2020	6:16:34 am	6:44:09 am	5:02:57 pm	5:30:32 pm	10:18:48	11:53:33 am	5:45 am	6:01 pm	5:14 am	6:32 pm
Nov 9 2020	6:17:35 am	6:45:13 am	5:02:06 pm	5:29:43 pm	10:16:53	11:53:39 am	5:46 am	6:01 pm	5:15 am	6:32 pm
Nov 10 2020	6:18:35 am	6:46:17 am	5:01:16 pm	5:28:57 pm	10:14:59	11:53:46 am	5:47 am	6:00 pm	5:16 am	6:31 pm
Nov 11 2020	6:19:36 am	6:47:21 am	5:00:27 pm	5:28:12 pm	10:13:06	11:53:54 am	5:48 am	5:59 pm	5:17 am	6:30 pm
Nov 12 2020	6:20:36 am	6:48:25 am	4:59:40 pm	5:27:29 pm	10:11:15	11:54:03 am	5:48 am	5:59 pm	5:17 am	6:30 pm
Nov 13 2020	6:21:36 am	6:49:29 am	4:58:56 pm	5:26:48 pm	10:09:27	11:54:12 am	5:49 am	5:58 pm	5:18 am	6:29 pm
Nov 14 2020	6:22:36 am	6:50:32 am	4:58:12 pm	5:26:08 pm	10:07:40	11:54:22 am	5:50 am	5:57 pm	5:19 am	6:28 pm
Nov 15 2020	6:23:37 am	6:51:36 am	4:57:31 pm	5:25:31 pm	10:05:55	11:54:34 am	5:51 am	5:57 pm	5:20 am	6:28 pm
Nov 16 2020	6:24:36 am	6:52:40 am	4:56:52 pm	5:24:55 pm	10:04:12	11:54:46 am	5:52 am	5:56 pm	5:21 am	6:27 pm
Nov 17 2020	6:25:36 am	6:53:43 am	4:56:14 pm	5:24:21 pm	10:02:31	11:54:58 am	5:53 am	5:56 pm	5:22 am	6:27 pm
Nov 18 2020	6:26:36 am	6:54:46 am	4:55:38 pm	5:23:48 pm	10:00:52	11:55:12 am	5:54 am	5:55 pm	5:23 am	6:26 pm
Nov 19 2020	6:27:35 am	6:55:49 am	4:55:04 pm	5:23:18 pm	09:59:15	11:55:27 am	5:55 am	5:55 pm	5:24 am	6:26 pm
Nov 20 2020	6:28:34 am	6:56:51 am	4:54:32 pm	5:22:50 pm	09:57:41	11:55:42 am	5:56 am	5:54 pm	5:25 am	6:26 pm
Nov 21 2020	6:29:33 am	6:57:53 am	4:54:02 pm	5:22:23 pm	09:56:09	11:55:58 am	5:57 am	5:54 pm	5:26 am	6:25 pm
Nov 22 2020	6:30:31 am	6:58:55 am	4:53:35 pm	5:21:59 pm	09:54:40	11:56:15 am	5:58 am	5:54 pm	5:27 am	6:25 pm
Nov 23 2020	6:31:29 am	6:59:56 am	4:53:09 pm	5:21:36 pm	09:53:13	11:56:32 am	5:59 am	5:53 pm	5:27 am	6:25 pm
Nov 24 2020	6:32:26 am	7:00:57 am	4:52:45 pm	5:21:15 pm	09:51:48	11:56:51 am	6:00 am	5:53 pm	5:28 am	6:24 pm
Nov 25 2020	6:33:23 am	7:01:57 am	4:52:23 pm	5:20:57 pm	09:50:26	11:57:10 am	6:01 am	5:53 pm	5:29 am	6:24 pm
Nov 26 2020	6:34:20 am	7:02:57 am	4:52:03 pm	5:20:40 pm	09:49:06	11:57:30 am	6:02 am	5:53 pm	5:30 am	6:24 pm
Nov 27 2020	6:35:16 am	7:03:56 am	4:51:45 pm	5:20:25 pm	09:47:49	11:57:50 am	6:02 am	5:52 pm	5:31 am	6:24 pm
Nov 28 2020	6:36:11 am	7:04:54 am	4:51:29 pm	5:20:13 pm	09:46:35	11:58:12 am	6:03 am	5:52 pm	5:32 am	6:24 pm
Nov 29 2020	6:37:05 am	7:05:52 am	4:51:16 pm	5:20:02 pm	09:45:24	11:58:34 am	6:04 am	5:52 pm	5:33 am	6:24 pm
Nov 30 2020	6:37:59 am	7:06:48 am	4:51:04 pm	5:19:53 pm	09:44:16	11:58:56 am	6:05 am	5:52 pm	5:33 am	6:24 pm
Dec 1 2020	6:38:52 am	7:07:44 am	4:50:55 pm	5:19:46 pm	09:43:11	11:59:19 am	6:06 am	5:52 pm	5:34 am	6:24 pm
Dec 2 2020	6:39:45 am	7:08:39 am	4:50:47 pm	5:19:42 pm	09:42:08	11:59:43 am	6:07 am	5:52 pm	5:35 am	6:23 pm
Dec 3 2020	6:40:36 am	7:09:33 am	4:50:42 pm	5:19:39 pm	09:41:09	12:00:08 pm	6:07 am	5:52 pm	5:36 am	6:24 pm
Dec 4 2020	6:41:27 am	7:10:26 am	4:50:39 pm	5:19:38 pm	09:40:13	12:00:32 pm	6:08 am	5:52 pm	5:37 am	6:24 pm
Dec 5 2020	6:42:16 am	7:11:18 am	4:50:38 pm	5:19:39 pm	09:39:20	12:00:58 pm	6:09 am	5:52 pm	5:37 am	6:24 pm
Dec 6 2020	6:43:05 am	7:12:09 am	4:50:39 pm	5:19:43 pm	09:38:30	12:01:24 pm	6:10 am	5:52 pm	5:38 am	6:24 pm
Dec 7 2020	6:43:53 am	7:12:58 am	4:50:43 pm	5:19:48 pm	09:37:45	12:01:50 pm	6:11 am	5:52 pm	5:39 am	6:24 pm
Dec 8 2020	6:44:39 am	7:13:47 am	4:50:48 pm	5:19:55 pm	09:37:01	12:02:17 pm	6:11 am	5:52 pm	5:40 am	6:24 pm
Dec 9 2020	6:45:25 am	7:14:34 am	4:50:55 pm	5:20:04 pm	09:36:21	12:02:45 pm	6:12 am	5:52 pm	5:40 am	6:24 pm
Dec 10 2020	6:46:09 am	7:15:20 am	4:51:05 pm	5:20:16 pm	09:35:45	12:03:12 pm	6:13 am	5:53 pm	5:41 am	6:24 pm
Dec 11 2020	6:46:52 am	7:16:04 am	4:51:17 pm	5:20:29 pm	09:35:13	12:03:40 pm	6:14 am	5:53 pm	5:42 am	6:25 pm
Dec 12 2020	6:47:34 am	7:16:47 am	4:51:30 pm	5:20:44 pm	09:34:43	12:04:09 pm	6:14 am	5:53 pm	5:42 am	6:25 pm
Dec 13 2020	6:48:14 am	7:17:29 am	4:51:46 pm	5:21:00 pm	09:34:17	12:04:37 pm	6:15 am	5:53 pm	5:43 am	6:25 pm
Dec 14 2020	6:48:53 am	7:18:09 am	4:52:04 pm	5:21:19 pm	09:33:55	12:05:06 pm	6:15 am	5:54 pm	5:44 am	6:26 pm
Dec 15 2020	6:49:31 am	7:18:48 am	4:52:23 pm	5:21:40 pm	09:33:35	12:05:36 pm	6:16 am	5:54 pm	5:44 am	6:26 pm
Dec 16 2020	6:50:08 am	7:19:25 am	4:52:45 pm	5:22:02 pm	09:33:20	12:06:05 pm	6:17 am	5:54 pm	5:45 am	6:26 pm
Dec 17 2020	6:50:42 am	7:20:00 am	4:53:09 pm	5:22:26 pm	09:33:09	12:06:34 pm	6:17 am	5:55 pm	5:45 am	6:27 pm
Dec 18 2020	6:51:16 am	7:20:34 am	4:53:35 pm	5:22:52 pm	09:33:01	12:07:04 pm	6:18 am	5:55 pm	5:46 am	6:27 pm
Dec 19 2020	6:51:48 am	7:21:06 am	4:54:02 pm	5:23:20 pm	09:32:56	12:07:34 pm	6:18 am	5:56 pm	5:46 am	6:28 pm
Dec 20 2020	6:52:18 am	7:21:36 am	4:54:31 pm	5:23:50 pm	09:32:55	12:08:04 pm	6:19 am	5:56 pm	5:47 am	6:28 pm
Dec 21 2020	6:52:46 am	7:22:04 am	4:55:03 pm	5:24:21 pm	09:32:59	12:08:34 pm	6:19 am	5:57 pm	5:47 am	6:29 pm
Dec 22 2020	6:53:13 am	7:22:31 am	4:55:36 pm	5:24:53 pm	09:33:05	12:09:03 pm	6:20 am	5:57 pm	5:48 am	6:29 pm
Dec 23 2020	6:53:38 am	7:22:56 am	4:56:11 pm	5:25:28 pm	09:33:15	12:09:33 pm	6:20 am	5:58 pm	5:48 am	6:30 pm
Dec 24 2020	6:54:02 am	7:23:19 am	4:56:47 pm	5:26:04 pm	09:33:28	12:10:03 pm	6:21 am	5:58 pm	5:49 am	6:30 pm
Dec 25 2020	6:54:24 am	7:23:40 am	4:57:25 pm	5:26:41 pm	09:33:45	12:10:32 pm	6:21 am	5:59 pm	5:49 am	6:31 pm
Dec 26 2020	6:54:44 am	7:23:59 am	4:58:05 pm	5:27:20 pm	09:34:06	12:11:02 pm	6:21 am	6:00 pm	5:49 am	6:32 pm
Dec 27 2020	6:55:02 am	7:24:16 am	4:58:47 pm	5:28:00 pm	09:34:31	12:11:31 pm	6:22 am	6:00 pm	5:50 am	6:32 pm
Dec 28 2020	6:55:18 am	7:24:31 am	4:59:30 pm	5:28:42 pm	09:34:59	12:12:00 pm	6:22 am	6:01 pm	5:50 am	6:33 pm
Dec 29 2020	6:55:33 am	7:24:44 am	5:00:14 pm	5:29:25 pm	09:35:30	12:12:29 pm	6:22 am	6:02 pm	5:50 am	6:34 pm
Dec 30 2020	6:55:46 am	7:24:55 am	5:01:00 pm	5:30:10 pm	09:36:05	12:12:58 pm	6:22 am	6:02 pm	5:51 am	6:34 pm
Dec 31 2020	6:55:56 am	7:25:04 am	5:01:47 pm	5:30:55 pm	09:36:43	12:13:26 pm	6:23 am	6:03 pm	5:51 am	6:35 pm
Jan 1 2021	6:56:05 am	7:25:11 am	5:02:36 pm	5:31:42 pm	09:37:25	12:13:54 pm	6:23 am	6:04 pm	5:51 am	6:36 pm
Jan 2 2021	6:56:12 am	7:25:17 am	5:03:26 pm	5:32:31 pm	09:38:09	12:14:21 pm	6:23 am	6:05 pm	5:51 am	6:37 pm
Jan 3 2021	6:56:17 am	7:25:19 am	5:04:18 pm	5:33:20 pm	09:38:59	12:14:49 pm	6:23 am	6:06 pm	5:51 am	6:37 pm
Jan 4 2021	6:56:20 am	7:25:20 am	5:05:10 pm	5:34:10 pm	09:39:50	12:15:15 pm	6:23 am	6:06 pm	5:51 am	6:38 pm
Jan 5 2021	6:56:22 am	7:25:19 am	5:06:04 pm	5:35:02 pm	09:40:45	12:15:42 pm	6:23 am	6:07 pm	5:51 am	6:39 pm
Jan 6 2021	6:56:21 am	7:25:16 am	5:06:59 pm	5:35:54 pm	09:41:43	12:16:07 pm	6:23 am	6:08 pm	5:52 am	6:40 pm
Jan 7 2021	6:56:18 am	7:25:11 am	5:07:55 pm	5:36:47 pm	09:42:44	12:16:33 pm	6:23 am	6:09 pm	5:52 am	6:41 pm
Jan 8 2021	6:56:13 am	7:25:03 am	5:08:52 pm	5:37:41 pm	09:43:49	12:16:57 pm	6:23 am	6:10 pm	5:52 am	6:41 pm
Jan 9 2021	6:56:07 am	7:24:54 am	5:09:49 pm	5:38:37 pm	09:44:55	12:17:22 pm	6:23 am	6:11 pm	5:52 am	6:42 pm
Jan 10 2021	6:55:58 am	7:24:42 am	5:10:48 pm	5:39:32 pm	09:46:06	12:17:45 pm	6:23 am	6:11 pm	5:51 am	6:43 pm
Jan 11 2021	6:55:47 am	7:24:28 am	5:11:48 pm	5:40:29 pm	09:47:20	12:18:08 pm	6:23 am	6:12 pm	5:51 am	6:44 pm
Jan 12 2021	6:55:35 am	7:24:13 am	5:12:48 pm	5:41:26 pm	09:48:35	12:18:31 pm	6:23 am	6:13 pm	5:51 am	6:45 pm
Jan 13 2021	6:55:20 am	7:23:55 am	5:13:50 pm	5:42:24 pm	09:49:55	12:18:52 pm	6:23 am	6:14 pm	5:51 am	6:46 pm
Jan 14 2021	6:55:04 am	7:23:35 am	5:14:51 pm	5:43:23 pm	09:51:16	12:19:13 pm	6:22 am	6:15 pm	5:51 am	6:47 pm
Jan 15 2021	6:54:45 am	7:23:14 am	5:15:54 pm	5:44:22 pm	09:52:40	12:19:34 pm	6:22 am	6:16 pm	5:51 am	6:48 pm
Jan 16 2021	6:54:25 am	7:22:50 am	5:16:57 pm	5:45:22 pm	09:54:07	12:19:53 pm	6:22 am	6:17 pm	5:50 am	6:48 pm
Jan 17 2021	6:54:02 am	7:22:24 am	5:18:01 pm	5:46:22 pm	09:55:37	12:20:12 pm	6:21 am	6:18 pm	5:50 am	6:49 pm
Jan 18 2021	6:53:38 am	7:21:56 am	5:19:05 pm	5:47:23 pm	09:57:09	12:20:31 pm	6:21 am	6:19 pm	5:50 am	6:50 pm
Jan 19 2021	6:53:12 am	7:21:27 am	5:20:10 pm	5:48:24 pm	09:58:43	12:20:48 pm	6:21 am	6:20 pm	5:49 am	6:51 pm
Jan 20 2021	6:52:44 am	7:20:55 am	5:21:15 pm	5:49:26 pm	10:00:20	12:21:05 pm	6:20 am	6:21 pm	5:49 am	6:52 pm
Jan 21 2021	6:52:14 am	7:20:22 am	5:22:20 pm	5:50:28 pm	10:01:58	12:21:21 pm	6:20 am	6:22 pm	5:49 am	6:53 pm
Jan 22 2021	6:51:42 am	7:19:46 am	5:23:26 pm	5:51:30 pm	10:03:40	12:21:36 pm	6:19 am	6:23 pm	5:48 am	6:54 pm
Jan 23 2021	6:51:09 am	7:19:09 am	5:24:32 pm	5:52:32 pm	10:05:23	12:21:51 pm	6:19 am	6:24 pm	5:48 am	6:55 pm
Jan 24 2021	6:50:33 am	7:18:30 am	5:25:38 pm	5:53:35 pm	10:07:08	12:22:04 pm	6:18 am	6:25 pm	5:47 am	6:56 pm
Jan 25 2021	6:49:56 am	7:17:49 am	5:26:45 pm	5:54:38 pm	10:08:56	12:22:17 pm	6:18 am	6:26 pm	5:47 am	6:57 pm
Jan 26 2021	6:49:17 am	7:17:07 am	5:27:52 pm	5:55:41 pm	10:10:45	12:22:29 pm	6:17 am	6:27 pm	5:46 am	6:58 pm
Jan 27 2021	6:48:37 am	7:16:22 am	5:28:58 pm	5:56:44 pm	10:12:36	12:22:40 pm	6:17 am	6:28 pm	5:46 am	6:59 pm
Jan 28 2021	6:47:54 am	7:15:36 am	5:30:05 pm	5:57:47 pm	10:14:29	12:22:51 pm	6:16 am	6:29 pm	5:45 am	7:00 pm
Jan 29 2021	6:47:10 am	7:14:48 am	5:31:12 pm	5:58:51 pm	10:16:24	12:23:00 pm	6:15 am	6:30 pm	5:44 am	7:01 pm
Jan 30 2021	6:46:24 am	7:13:59 am	5:32:19 pm	5:59:54 pm	10:18:20	12:23:09 pm	6:14 am	6:31 pm	5:44 am	7:02 pm
Jan 31 2021	6:45:37 am	7:13:08 am	5:33:26 pm	6:00:57 pm	10:20:18	12:23:17 pm	6:14 am	6:32 pm	5:43 am	7:03 pm
Feb 1 2021	6:44:48 am	7:12:15 am	5:34:33 pm	6:02:01 pm	10:22:18	12:23:24 pm	6:13 am	6:33 pm	5:42 am	7:04 pm
Feb 2 2021	6:43:57 am	7:11:21 am	5:35:40 pm	6:03:04 pm	10:24:19	12:23:31 pm	6:12 am	6:34 pm	5:41 am	7:05 pm
Feb 3 2021	6:43:05 am	7:10:25 am	5:36:47 pm	6:04:07 pm	10:26:22	12:23:36 pm	6:11 am	6:35 pm	5:41 am	7:06 pm
Feb 4 2021	6:42:11 am	7:09:28 am	5:37:54 pm	6:05:11 pm	10:28:26	12:23:41 pm	6:11 am	6:36 pm	5:40 am	7:07 pm
Feb 5 2021	6:41:15 am	7:08:29 am	5:39:01 pm	6:06:14 pm	10:30:32	12:23:45 pm	6:10 am	6:37 pm	5:39 am	7:08 pm
Feb 6 2021	6:40:19 am	7:07:29 am	5:40:07 pm	6:07:17 pm	10:32:38	12:23:48 pm	6:09 am	6:38 pm	5:38 am	7:09 pm
Feb 7 2021	6:39:20 am	7:06:27 am	5:41:13 pm	6:08:20 pm	10:34:46	12:23:50 pm	6:08 am	6:39 pm	5:37 am	7:09 pm
Feb 8 2021	6:38:21 am	7:05:24 am	5:42:19 pm	6:09:23 pm	10:36:55	12:23:52 pm	6:07 am	6:40 pm	5:36 am	7:10 pm
Feb 9 2021	6:37:19 am	7:04:19 am	5:43:25 pm	6:10:25 pm	10:39:06	12:23:52 pm	6:06 am	6:41 pm	5:35 am	7:11 pm
Feb 10 2021	6:36:17 am	7:03:14 am	5:44:31 pm	6:11:28 pm	10:41:17	12:23:52 pm	6:05 am	6:42 pm	5:34 am	7:12 pm
Feb 11 2021	6:35:13 am	7:02:07 am	5:45:36 pm	6:12:30 pm	10:43:29	12:23:52 pm	6:04 am	6:43 pm	5:33 am	7:13 pm
Feb 12 2021	6:34:08 am	7:00:59 am	5:46:42 pm	6:13:32 pm	10:45:43	12:23:50 pm	6:03 am	6:44 pm	5:32 am	7:14 pm
Feb 13 2021	6:33:01 am	6:59:49 am	5:47:47 pm	6:14:34 pm	10:47:58	12:23:48 pm	6:02 am	6:45 pm	5:31 am	7:15 pm
Feb 14 2021	6:31:54 am	6:58:38 am	5:48:51 pm	6:15:36 pm	10:50:13	12:23:45 pm	6:01 am	6:46 pm	5:30 am	7:16 pm
Feb 15 2021	6:30:45 am	6:57:27 am	5:49:56 pm	6:16:38 pm	10:52:29	12:23:41 pm	6:00 am	6:47 pm	5:29 am	7:17 pm
Feb 16 2021	6:29:34 am	6:56:14 am	5:51:00 pm	6:17:39 pm	10:54:46	12:23:37 pm	5:58 am	6:48 pm	5:28 am	7:18 pm
Feb 17 2021	6:28:23 am	6:55:00 am	5:52:03 pm	6:18:40 pm	10:57:03	12:23:32 pm	5:57 am	6:49 pm	5:27 am	7:19 pm
Feb 18 2021	6:27:11 am	6:53:45 am	5:53:07 pm	6:19:41 pm	10:59:22	12:23:26 pm	5:56 am	6:50 pm	5:26 am	7:20 pm
Feb 19 2021	6:25:57 am	6:52:29 am	5:54:10 pm	6:20:42 pm	11:01:41	12:23:19 pm	5:55 am	6:51 pm	5:24 am	7:21 pm
Feb 20 2021	6:24:43 am	6:51:12 am	5:55:13 pm	6:21:42 pm	11:04:01	12:23:12 pm	5:54 am	6:52 pm	5:23 am	7:22 pm
Feb 21 2021	6:23:27 am	6:49:54 am	5:56:15 pm	6:22:42 pm	11:06:21	12:23:05 pm	5:52 am	6:53 pm	5:22 am	7:23 pm
Feb 22 2021	6:22:10 am	6:48:35 am	5:57:18 pm	6:23:42 pm	11:08:43	12:22:56 pm	5:51 am	6:54 pm	5:21 am	7:24 pm
Feb 23 2021	6:20:53 am	6:47:15 am	5:58:20 pm	6:24:42 pm	11:11:05	12:22:47 pm	5:50 am	6:55 pm	5:20 am	7:25 pm
Feb 24 2021	6:19:34 am	6:45:55 am	5:59:21 pm	6:25:42 pm	11:13:26	12:22:38 pm	5:49 am	6:56 pm	5:18 am	7:26 pm
Feb 25 2021	6:18:14 am	6:44:33 am	6:00:22 pm	6:26:41 pm	11:15:49	12:22:28 pm	5:47 am	6:57 pm	5:17 am	7:27 pm
Feb 26 2021	6:16:54 am	6:43:11 am	6:01:23 pm	6:27:40 pm	11:18:12	12:22:17 pm	5:46 am	6:58 pm	5:16 am	7:28 pm
Feb 27 2021	6:15:33 am	6:41:48 am	6:02:24 pm	6:28:39 pm	11:20:36	12:22:06 pm	5:45 am	6:59 pm	5:14 am	7:29 pm
Feb 28 2021	6:14:11 am	6:40:25 am	6:03:24 pm	6:29:38 pm	11:22:59	12:21:54 pm	5:43 am	7:00 pm	5:13 am	7:30 pm
Mar 1 2021	6:12:48 am	6:39:00 am	6:04:24 pm	6:30:37 pm	11:25:24	12:21:42 pm	5:42 am	7:01 pm	5:12 am	7:31 pm
Mar 2 2021	6:11:24 am	6:37:35 am	6:05:24 pm	6:31:35 pm	11:27:49	12:21:30 pm	5:41 am	7:01 pm	5:10 am	7:32 pm
Mar 3 2021	6:10:00 am	6:36:10 am	6:06:23 pm	6:32:33 pm	11:30:13	12:21:17 pm	5:39 am	7:02 pm	5:09 am	7:33 pm
Mar 4 2021	6:08:35 am	6:34:44 am	6:07:22 pm	6:33:31 pm	11:32:38	12:21:03 pm	5:38 am	7:03 pm	5:07 am	7:34 pm
Mar 5 2021	6:07:09 am	6:33:17 am	6:08:21 pm	6:34:29 pm	11:35:04	12:20:49 pm	5:36 am	7:04 pm	5:06 am	7:35 pm
Mar 6 2021	6:05:43 am	6:31:50 am	6:09:20 pm	6:35:27 pm	11:37:30	12:20:35 pm	5:35 am	7:05 pm	5:04 am	7:36 pm
Mar 7 2021	6:04:16 am	6:30:22 am	6:10:18 pm	6:36:24 pm	11:39:56	12:20:20 pm	5:33 am	7:06 pm	5:03 am	7:37 pm
Mar 8 2021	6:02:48 am	6:28:54 am	6:11:16 pm	6:37:21 pm	11:42:22	12:20:05 pm	5:32 am	7:07 pm	5:01 am	7:38 pm
Mar 9 2021	6:01:20 am	6:27:25 am	6:12:14 pm	6:38:19 pm	11:44:49	12:19:49 pm	5:30 am	7:08 pm	5:00 am	7:39 pm
Mar 10 2021	5:59:52 am	6:25:56 am	6:13:11 pm	6:39:16 pm	11:47:15	12:19:34 pm	5:29 am	7:09 pm	4:58 am	7:40 pm
Mar 11 2021	5:58:23 am	6:24:27 am	6:14:09 pm	6:40:13 pm	11:49:42	12:19:18 pm	5:27 am	7:10 pm	4:57 am	7:41 pm
Mar 12 2021	5:56:53 am	6:22:57 am	6:15:06 pm	6:41:09 pm	11:52:09	12:19:01 pm	5:26 am	7:11 pm	4:55 am	7:42 pm
Mar 13 2021	5:55:23 am	6:21:27 am	6:16:03 pm	6:42:06 pm	11:54:36	12:18:45 pm	5:24 am	7:12 pm	4:54 am	7:43 pm
Mar 14 2021	6:53:57 am	7:20:00 am	7:16:57 pm	7:43:01 pm	11:56:57	1:18:29 pm	6:23 am	8:13 pm	5:52 am	8:44 pm
Mar 15 2021	6:52:26 am	7:18:30 am	7:17:53 pm	7:43:57 pm	11:59:23	1:18:12 pm	6:21 am	8:14 pm	5:51 am	8:45 pm
Mar 16 2021	6:50:55 am	7:16:59 am	7:18:50 pm	7:44:54 pm	12:01:51	1:17:54 pm	6:20 am	8:15 pm	5:49 am	8:46 pm
Mar 17 2021	6:49:24 am	7:15:28 am	7:19:46 pm	7:45:50 pm	12:04:18	1:17:37 pm	6:18 am	8:16 pm	5:47 am	8:47 pm
Mar 18 2021	6:47:52 am	7:13:57 am	7:20:42 pm	7:46:47 pm	12:06:45	1:17:19 pm	6:17 am	8:17 pm	5:46 am	8:48 pm
Mar 19 2021	6:46:20 am	7:12:26 am	7:21:37 pm	7:47:43 pm	12:09:11	1:17:02 pm	6:15 am	8:18 pm	5:44 am	8:49 pm
Mar 20 2021	6:44:48 am	7:10:54 am	7:22:33 pm	7:48:39 pm	12:11:39	1:16:44 pm	6:14 am	8:19 pm	5:43 am	8:50 pm
Mar 21 2021	6:43:16 am	7:09:23 am	7:23:29 pm	7:49:36 pm	12:14:06	1:16:26 pm	6:12 am	8:20 pm	5:41 am	8:51 pm
Mar 22 2021	6:41:43 am	7:07:52 am	7:24:24 pm	7:50:32 pm	12:16:32	1:16:08 pm	6:11 am	8:21 pm	5:39 am	8:52 pm
Mar 23 2021	6:40:11 am	7:06:20 am	7:25:19 pm	7:51:29 pm	12:18:59	1:15:50 pm	6:09 am	8:22 pm	5:38 am	8:53 pm
Mar 24 2021	6:38:38 am	7:04:49 am	7:26:14 pm	7:52:25 pm	12:21:25	1:15:32 pm	6:07 am	8:23 pm	5:36 am	8:54 pm
Mar 25 2021	6:37:06 am	7:03:18 am	7:27:10 pm	7:53:21 pm	12:23:52	1:15:14 pm	6:06 am	8:24 pm	5:34 am	8:55 pm
Mar 26 2021	6:35:33 am	7:01:46 am	7:28:05 pm	7:54:18 pm	12:26:19	1:14:55 pm	6:04 am	8:25 pm	5:33 am	8:56 pm
Mar 27 2021	6:34:00 am	7:00:15 am	7:29:00 pm	7:55:14 pm	12:28:45	1:14:37 pm	6:03 am	8:26 pm	5:31 am	8:57 pm
Mar 28 2021	6:32:27 am	6:58:44 am	7:29:54 pm	7:56:11 pm	12:31:10	1:14:19 pm	6:01 am	8:27 pm	5:29 am	8:58 pm
Mar 29 2021	6:30:55 am	6:57:13 am	7:30:49 pm	7:57:08 pm	12:33:36	1:14:01 pm	5:59 am	8:28 pm	5:27 am	9:00 pm
Mar 30 2021	6:29:22 am	6:55:43 am	7:31:44 pm	7:58:04 pm	12:36:01	1:13:43 pm	5:58 am	8:29 pm	5:26 am	9:01 pm
Mar 31 2021	6:27:50 am	6:54:12 am	7:32:39 pm	7:59:01 pm	12:38:27	1:13:26 pm	5:56 am	8:30 pm	5:24 am	9:02 pm
Apr 1 2021	6:26:18 am	6:52:42 am	7:33:34 pm	7:59:58 pm	12:40:52	1:13:08 pm	5:55 am	8:31 pm	5:22 am	9:03 pm
Apr 2 2021	6:24:45 am	6:51:12 am	7:34:28 pm	8:00:55 pm	12:43:16	1:12:50 pm	5:53 am	8:32 pm	5:21 am	9:04 pm
Apr 3 2021	6:23:14 am	6:49:43 am	7:35:23 pm	8:01:52 pm	12:45:40	1:12:33 pm	5:51 am	8:33 pm	5:19 am	9:05 pm
Apr 4 2021	6:21:42 am	6:48:14 am	7:36:18 pm	8:02:50 pm	12:48:04	1:12:16 pm	5:50 am	8:34 pm	5:17 am	9:06 pm
Apr 5 2021	6:20:10 am	6:46:45 am	7:37:12 pm	8:03:47 pm	12:50:27	1:11:59 pm	5:48 am	8:35 pm	5:16 am	9:07 pm
Apr 6 2021	6:18:39 am	6:45:17 am	7:38:07 pm	8:04:44 pm	12:52:50	1:11:42 pm	5:47 am	8:36 pm	5:14 am	9:09 pm
Apr 7 2021	6:17:09 am	6:43:49 am	7:39:02 pm	8:05:42 pm	12:55:13	1:11:25 pm	5:45 am	8:37 pm	5:12 am	9:10 pm
Apr 8 2021	6:15:38 am	6:42:21 am	7:39:57 pm	8:06:40 pm	12:57:36	1:11:09 pm	5:43 am	8:38 pm	5:10 am	9:11 pm
Apr 9 2021	6:14:08 am	6:40:54 am	7:40:52 pm	8:07:38 pm	12:59:58	1:10:53 pm	5:42 am	8:39 pm	5:09 am	9:12 pm
Apr 10 2021	6:12:39 am	6:39:28 am	7:41:46 pm	8:08:36 pm	13:02:18	1:10:37 pm	5:40 am	8:40 pm	5:07 am	9:13 pm
Apr 11 2021	6:11:10 am	6:38:02 am	7:42:41 pm	8:09:34 pm	13:04:39	1:10:22 pm	5:39 am	8:41 pm	5:05 am	9:14 pm
Apr 12 2021	6:09:41 am	6:36:37 am	7:43:36 pm	8:10:32 pm	13:06:59	1:10:07 pm	5:37 am	8:42 pm	5:04 am	9:16 pm
Apr 13 2021	6:08:13 am	6:35:12 am	7:44:31 pm	8:11:31 pm	13:09:19	1:09:52 pm	5:35 am	8:43 pm	5:02 am	9:17 pm
Apr 14 2021	6:06:45 am	6:33:48 am	7:45:26 pm	8:12:29 pm	13:11:38	1:09:37 pm	5:34 am	8:44 pm	5:00 am	9:18 pm
Apr 15 2021	6:05:18 am	6:32:25 am	7:46:21 pm	8:13:28 pm	13:13:56	1:09:23 pm	5:32 am	8:45 pm	4:58 am	9:19 pm
Apr 16 2021	6:03:52 am	6:31:03 am	7:47:16 pm	8:14:27 pm	13:16:13	1:09:09 pm	5:31 am	8:47 pm	4:57 am	9:21 pm
Apr 17 2021	6:02:26 am	6:29:41 am	7:48:11 pm	8:15:26 pm	13:18:30	1:08:56 pm	5:29 am	8:48 pm	4:55 am	9:22 pm
Apr 18 2021	6:01:01 am	6:28:20 am	7:49:07 pm	8:16:25 pm	13:20:47	1:08:43 pm	5:28 am	8:49 pm	4:53 am	9:23 pm
Apr 19 2021	5:59:37 am	6:26:59 am	7:50:02 pm	8:17:24 pm	13:23:03	1:08:31 pm	5:26 am	8:50 pm	4:52 am	9:24 pm
Apr 20 2021	5:58:13 am	6:25:40 am	7:50:57 pm	8:18:24 pm	13:25:17	1:08:18 pm	5:25 am	8:51 pm	4:50 am	9:26 pm
Apr 21 2021	5:56:51 am	6:24:21 am	7:51:52 pm	8:19:23 pm	13:27:31	1:08:07 pm	5:23 am	8:52 pm	4:48 am	9:27 pm
Apr 22 2021	5:55:29 am	6:23:04 am	7:52:47 pm	8:20:23 pm	13:29:43	1:07:56 pm	5:22 am	8:53 pm	4:47 am	9:28 pm
Apr 23 2021	5:54:07 am	6:21:47 am	7:53:43 pm	8:21:22 pm	13:31:56	1:07:45 pm	5:20 am	8:54 pm	4:45 am	9:29 pm
Apr 24 2021	5:52:47 am	6:20:31 am	7:54:38 pm	8:22:22 pm	13:34:07	1:07:35 pm	5:19 am	8:55 pm	4:43 am	9:31 pm
Apr 25 2021	5:51:28 am	6:19:16 am	7:55:33 pm	8:23:22 pm	13:36:17	1:07:25 pm	5:17 am	8:56 pm	4:42 am	9:32 pm
Apr 26 2021	5:50:10 am	6:18:03 am	7:56:29 pm	8:24:22 pm	13:38:26	1:07:16 pm	5:16 am	8:58 pm	4:40 am	9:33 pm
Apr 27 2021	5:48:52 am	6:16:50 am	7:57:24 pm	8:25:22 pm	13:40:34	1:07:07 pm	5:15 am	8:59 pm	4:39 am	9:35 pm
Apr 28 2021	5:47:36 am	6:15:38 am	7:58:19 pm	8:26:22 pm	13:42:41	1:06:59 pm	5:13 am	9:00 pm	4:37 am	9:36 pm
Apr 29 2021	5:46:20 am	6:14:28 am	7:59:14 pm	8:27:21 pm	13:44:46	1:06:51 pm	5:12 am	9:01 pm	4:35 am	9:37 pm
Apr 30 2021	5:45:06 am	6:13:18 am	8:00:09 pm	8:28:21 pm	13:46:51	1:06:44 pm	5:10 am	9:02 pm	4:34 am	9:39 pm
May 1 2021	5:43:53 am	6:12:10 am	8:01:04 pm	8:29:21 pm	13:48:54	1:06:37 pm	5:09 am	9:03 pm	4:32 am	9:40 pm
May 2 2021	5:42:41 am	6:11:03 am	8:01:59 pm	8:30:21 pm	13:50:56	1:06:31 pm	5:08 am	9:04 pm	4:31 am	9:41 pm
May 3 2021	5:41:30 am	6:09:57 am	8:02:54 pm	8:31:21 pm	13:52:57	1:06:26 pm	5:06 am	9:05 pm	4:29 am	9:43 pm
May 4 2021	5:40:21 am	6:08:52 am	8:03:49 pm	8:32:21 pm	13:54:57	1:06:21 pm	5:05 am	9:07 pm	4:28 am	9:44 pm
May 5 2021	5:39:12 am	6:07:49 am	8:04:43 pm	8:33:20 pm	13:56:54	1:06:16 pm	5:04 am	9:08 pm	4:26 am	9:45 pm
May 6 2021	5:38:05 am	6:06:47 am	8:05:38 pm	8:34:20 pm	13:58:51	1:06:12 pm	5:03 am	9:09 pm	4:25 am	9:47 pm
May 7 2021	5:36:59 am	6:05:46 am	8:06:32 pm	8:35:19 pm	14:00:46	1:06:09 pm	5:01 am	9:10 pm	4:23 am	9:48 pm
May 8 2021	5:35:55 am	6:04:47 am	8:07:26 pm	8:36:18 pm	14:02:39	1:06:06 pm	5:00 am	9:11 pm	4:22 am	9:49 pm
May 9 2021	5:34:52 am	6:03:49 am	8:08:19 pm	8:37:17 pm	14:04:30	1:06:04 pm	4:59 am	9:12 pm	4:21 am	9:51 pm
May 10 2021	5:33:50 am	6:02:52 am	8:09:13 pm	8:38:15 pm	14:06:21	1:06:03 pm	4:58 am	9:13 pm	4:19 am	9:52 pm
May 11 2021	5:32:50 am	6:01:57 am	8:10:06 pm	8:39:13 pm	14:08:09	1:06:02 pm	4:57 am	9:14 pm	4:18 am	9:53 pm
May 12 2021	5:31:51 am	6:01:04 am	8:10:59 pm	8:40:11 pm	14:09:55	1:06:01 pm	4:56 am	9:16 pm	4:17 am	9:55 pm
May 13 2021	5:30:54 am	6:00:11 am	8:11:51 pm	8:41:09 pm	14:11:40	1:06:01 pm	4:54 am	9:17 pm	4:15 am	9:56 pm
May 14 2021	5:29:58 am	5:59:21 am	8:12:43 pm	8:42:06 pm	14:13:22	1:06:02 pm	4:53 am	9:18 pm	4:14 am	9:57 pm
May 15 2021	5:29:04 am	5:58:32 am	8:13:35 pm	8:43:03 pm	14:15:03	1:06:03 pm	4:52 am	9:19 pm	4:13 am	9:58 pm
May 16 2021	5:28:12 am	5:57:44 am	8:14:26 pm	8:43:59 pm	14:16:42	1:06:05 pm	4:51 am	9:20 pm	4:11 am	10:00 pm
May 17 2021	5:27:21 am	5:56:58 am	8:15:17 pm	8:44:55 pm	14:18:19	1:06:08 pm	4:50 am	9:21 pm	4:10 am	10:01 pm
May 18 2021	5:26:31 am	5:56:14 am	8:16:07 pm	8:45:50 pm	14:19:53	1:06:11 pm	4:49 am	9:22 pm	4:09 am	10:02 pm
May 19 2021	5:25:44 am	5:55:31 am	8:16:57 pm	8:46:44 pm	14:21:26	1:06:14 pm	4:48 am	9:23 pm	4:08 am	10:03 pm
May 20 2021	5:24:58 am	5:54:50 am	8:17:46 pm	8:47:38 pm	14:22:56	1:06:18 pm	4:48 am	9:24 pm	4:07 am	10:05 pm
May 21 2021	5:24:14 am	5:54:10 am	8:18:35 pm	8:48:32 pm	14:24:25	1:06:23 pm	4:47 am	9:25 pm	4:06 am	10:06 pm
May 22 2021	5:23:31 am	5:53:33 am	8:19:23 pm	8:49:24 pm	14:25:50	1:06:28 pm	4:46 am	9:26 pm	4:05 am	10:07 pm
May 23 2021	5:22:51 am	5:52:56 am	8:20:10 pm	8:50:16 pm	14:27:14	1:06:33 pm	4:45 am	9:27 pm	4:04 am	10:08 pm
May 24 2021	5:22:12 am	5:52:22 am	8:20:57 pm	8:51:07 pm	14:28:35	1:06:39 pm	4:44 am	9:28 pm	4:03 am	10:10 pm
May 25 2021	5:21:35 am	5:51:49 am	8:21:42 pm	8:51:57 pm	14:29:53	1:06:46 pm	4:44 am	9:29 pm	4:02 am	10:11 pm
May 26 2021	5:20:59 am	5:51:18 am	8:22:27 pm	8:52:46 pm	14:31:09	1:06:53 pm	4:43 am	9:30 pm	4:01 am	10:12 pm
May 27 2021	5:20:26 am	5:50:49 am	8:23:12 pm	8:53:35 pm	14:32:23	1:07:00 pm	4:42 am	9:31 pm	4:00 am	10:13 pm
May 28 2021	5:19:55 am	5:50:22 am	8:23:55 pm	8:54:22 pm	14:33:33	1:07:08 pm	4:42 am	9:32 pm	3:59 am	10:14 pm
May 29 2021	5:19:25 am	5:49:56 am	8:24:37 pm	8:55:08 pm	14:34:41	1:07:17 pm	4:41 am	9:33 pm	3:59 am	10:15 pm
May 30 2021	5:18:57 am	5:49:32 am	8:25:19 pm	8:55:54 pm	14:35:47	1:07:26 pm	4:40 am	9:34 pm	3:58 am	10:16 pm
May 31 2021	5:18:32 am	5:49:10 am	8:25:59 pm	8:56:38 pm	14:36:49	1:07:35 pm	4:40 am	9:34 pm	3:57 am	10:17 pm
Jun 1 2021	5:18:08 am	5:48:50 am	8:26:38 pm	8:57:21 pm	14:37:48	1:07:44 pm	4:39 am	9:35 pm	3:56 am	10:18 pm
Jun 2 2021	5:17:46 am	5:48:32 am	8:27:17 pm	8:58:02 pm	14:38:45	1:07:54 pm	4:39 am	9:36 pm	3:56 am	10:19 pm
Jun 3 2021	5:17:26 am	5:48:15 am	8:27:54 pm	8:58:43 pm	14:39:39	1:08:05 pm	4:38 am	9:37 pm	3:55 am	10:20 pm
Jun 4 2021	5:17:08 am	5:48:00 am	8:28:30 pm	8:59:22 pm	14:40:30	1:08:15 pm	4:38 am	9:37 pm	3:55 am	10:21 pm
Jun 5 2021	5:16:52 am	5:47:47 am	8:29:05 pm	9:00:00 pm	14:41:18	1:08:26 pm	4:38 am	9:38 pm	3:54 am	10:22 pm
Jun 6 2021	5:16:38 am	5:47:36 am	8:29:39 pm	9:00:36 pm	14:42:03	1:08:37 pm	4:37 am	9:39 pm	3:54 am	10:23 pm
Jun 7 2021	5:16:26 am	5:47:27 am	8:30:11 pm	9:01:11 pm	14:42:44	1:08:49 pm	4:37 am	9:40 pm	3:53 am	10:23 pm
Jun 8 2021	5:16:16 am	5:47:19 am	8:30:42 pm	9:01:45 pm	14:43:23	1:09:01 pm	4:37 am	9:40 pm	3:53 am	10:24 pm
Jun 9 2021	5:16:08 am	5:47:13 am	8:31:12 pm	9:02:17 pm	14:43:59	1:09:13 pm	4:37 am	9:41 pm	3:53 am	10:25 pm
Jun 10 2021	5:16:02 am	5:47:09 am	8:31:41 pm	9:02:48 pm	14:44:32	1:09:25 pm	4:37 am	9:41 pm	3:52 am	10:25 pm
Jun 11 2021	5:15:58 am	5:47:07 am	8:32:08 pm	9:03:16 pm	14:45:01	1:09:37 pm	4:36 am	9:42 pm	3:52 am	10:26 pm
Jun 12 2021	5:15:56 am	5:47:06 am	8:32:33 pm	9:03:44 pm	14:45:27	1:09:50 pm	4:36 am	9:42 pm	3:52 am	10:27 pm
Jun 13 2021	5:15:56 am	5:47:08 am	8:32:58 pm	9:04:09 pm	14:45:50	1:10:03 pm	4:36 am	9:43 pm	3:52 am	10:27 pm
Jun 14 2021	5:15:58 am	5:47:11 am	8:33:20 pm	9:04:33 pm	14:46:09	1:10:15 pm	4:36 am	9:43 pm	3:52 am	10:28 pm
Jun 15 2021	5:16:01 am	5:47:15 am	8:33:41 pm	9:04:55 pm	14:46:26	1:10:28 pm	4:36 am	9:44 pm	3:52 am	10:28 pm
Jun 16 2021	5:16:07 am	5:47:22 am	8:34:01 pm	9:05:16 pm	14:46:39	1:10:41 pm	4:36 am	9:44 pm	3:52 am	10:28 pm
Jun 17 2021	5:16:14 am	5:47:30 am	8:34:19 pm	9:05:34 pm	14:46:49	1:10:54 pm	4:36 am	9:44 pm	3:52 am	10:29 pm
Jun 18 2021	5:16:24 am	5:47:40 am	8:34:35 pm	9:05:51 pm	14:46:55	1:11:08 pm	4:37 am	9:45 pm	3:52 am	10:29 pm
Jun 19 2021	5:16:35 am	5:47:51 am	8:34:50 pm	9:06:06 pm	14:46:59	1:11:21 pm	4:37 am	9:45 pm	3:52 am	10:29 pm
Jun 20 2021	5:16:48 am	5:48:04 am	8:35:03 pm	9:06:19 pm	14:46:59	1:11:34 pm	4:37 am	9:45 pm	3:52 am	10:30 pm
Jun 21 2021	5:17:03 am	5:48:19 am	8:35:14 pm	9:06:30 pm	14:46:55	1:11:47 pm	4:37 am	9:45 pm	3:53 am	10:30 pm
Jun 22 2021	5:17:20 am	5:48:35 am	8:35:24 pm	9:06:40 pm	14:46:49	1:12:00 pm	4:38 am	9:45 pm	3:53 am	10:30 pm
Jun 23 2021	5:17:38 am	5:48:53 am	8:35:32 pm	9:06:47 pm	14:46:39	1:12:12 pm	4:38 am	9:46 pm	3:53 am	10:30 pm
Jun 24 2021	5:17:58 am	5:49:12 am	8:35:38 pm	9:06:52 pm	14:46:26	1:12:25 pm	4:38 am	9:46 pm	3:54 am	10:30 pm
Jun 25 2021	5:18:20 am	5:49:33 am	8:35:43 pm	9:06:56 pm	14:46:10	1:12:38 pm	4:39 am	9:46 pm	3:54 am	10:30 pm
Jun 26 2021	5:18:43 am	5:49:55 am	8:35:45 pm	9:06:57 pm	14:45:50	1:12:50 pm	4:39 am	9:46 pm	3:55 am	10:30 pm
Jun 27 2021	5:19:08 am	5:50:19 am	8:35:46 pm	9:06:57 pm	14:45:27	1:13:03 pm	4:40 am	9:46 pm	3:55 am	10:30 pm
Jun 28 2021	5:19:35 am	5:50:44 am	8:35:45 pm	9:06:54 pm	14:45:01	1:13:15 pm	4:40 am	9:45 pm	3:56 am	10:30 pm
Jun 29 2021	5:20:03 am	5:51:10 am	8:35:42 pm	9:06:49 pm	14:44:32	1:13:26 pm	4:41 am	9:45 pm	3:56 am	10:29 pm
Jun 30 2021	5:20:33 am	5:51:38 am	8:35:38 pm	9:06:43 pm	14:44:00	1:13:38 pm	4:41 am	9:45 pm	3:57 am	10:29 pm
Jul 1 2021	5:21:04 am	5:52:07 am	8:35:31 pm	9:06:34 pm	14:43:24	1:13:49 pm	4:42 am	9:45 pm	3:58 am	10:29 pm
Jul 2 2021	5:21:37 am	5:52:38 am	8:35:23 pm	9:06:24 pm	14:42:45	1:14:00 pm	4:42 am	9:45 pm	3:59 am	10:29 pm
Jul 3 2021	5:22:11 am	5:53:09 am	8:35:13 pm	9:06:11 pm	14:42:04	1:14:11 pm	4:43 am	9:44 pm	3:59 am	10:28 pm
Jul 4 2021	5:22:47 am	5:53:42 am	8:35:01 pm	9:05:56 pm	14:41:19	1:14:21 pm	4:44 am	9:44 pm	4:00 am	10:28 pm
Jul 5 2021	5:23:23 am	5:54:16 am	8:34:47 pm	9:05:39 pm	14:40:31	1:14:31 pm	4:44 am	9:44 pm	4:01 am	10:27 pm
Jul 6 2021	5:24:01 am	5:54:51 am	8:34:31 pm	9:05:21 pm	14:39:40	1:14:41 pm	4:45 am	9:43 pm	4:02 am	10:27 pm
Jul 7 2021	5:24:41 am	5:55:27 am	8:34:14 pm	9:05:00 pm	14:38:47	1:14:50 pm	4:46 am	9:43 pm	4:03 am	10:26 pm
Jul 8 2021	5:25:21 am	5:56:04 am	8:33:55 pm	9:04:37 pm	14:37:51	1:14:59 pm	4:47 am	9:42 pm	4:04 am	10:25 pm
Jul 9 2021	5:26:02 am	5:56:42 am	8:33:33 pm	9:04:13 pm	14:36:51	1:15:08 pm	4:47 am	9:42 pm	4:05 am	10:25 pm
Jul 10 2021	5:26:45 am	5:57:21 am	8:33:10 pm	9:03:46 pm	14:35:49	1:15:15 pm	4:48 am	9:41 pm	4:06 am	10:24 pm
Jul 11 2021	5:27:29 am	5:58:01 am	8:32:45 pm	9:03:17 pm	14:34:44	1:15:23 pm	4:49 am	9:41 pm	4:07 am	10:23 pm
Jul 12 2021	5:28:13 am	5:58:41 am	8:32:19 pm	9:02:47 pm	14:33:38	1:15:30 pm	4:50 am	9:40 pm	4:08 am	10:22 pm
Jul 13 2021	5:28:59 am	5:59:23 am	8:31:50 pm	9:02:14 pm	14:32:27	1:15:37 pm	4:51 am	9:40 pm	4:09 am	10:22 pm
Jul 14 2021	5:29:46 am	6:00:05 am	8:31:20 pm	9:01:40 pm	14:31:15	1:15:43 pm	4:52 am	9:39 pm	4:10 am	10:21 pm
Jul 15 2021	5:30:33 am	6:00:48 am	8:30:48 pm	9:01:03 pm	14:30:00	1:15:48 pm	4:52 am	9:38 pm	4:11 am	10:20 pm
Jul 16 2021	5:31:21 am	6:01:32 am	8:30:14 pm	9:00:25 pm	14:28:42	1:15:53 pm	4:53 am	9:37 pm	4:12 am	10:19 pm
Jul 17 2021	5:32:10 am	6:02:17 am	8:29:39 pm	8:59:45 pm	14:27:22	1:15:58 pm	4:54 am	9:37 pm	4:13 am	10:18 pm
Jul 18 2021	5:33:00 am	6:03:02 am	8:29:01 pm	8:59:03 pm	14:25:59	1:16:02 pm	4:55 am	9:36 pm	4:14 am	10:17 pm
Jul 19 2021	5:33:50 am	6:03:48 am	8:28:22 pm	8:58:20 pm	14:24:34	1:16:05 pm	4:56 am	9:35 pm	4:15 am	10:16 pm
Jul 20 2021	5:34:41 am	6:04:34 am	8:27:42 pm	8:57:34 pm	14:23:08	1:16:08 pm	4:57 am	9:34 pm	4:17 am	10:15 pm
Jul 21 2021	5:35:33 am	6:05:21 am	8:26:59 pm	8:56:47 pm	14:21:38	1:16:10 pm	4:58 am	9:33 pm	4:18 am	10:14 pm
Jul 22 2021	5:36:25 am	6:06:09 am	8:26:15 pm	8:55:58 pm	14:20:06	1:16:12 pm	4:59 am	9:32 pm	4:19 am	10:12 pm
Jul 23 2021	5:37:18 am	6:06:57 am	8:25:29 pm	8:55:08 pm	14:18:32	1:16:13 pm	5:00 am	9:31 pm	4:20 am	10:11 pm
Jul 24 2021	5:38:11 am	6:07:45 am	8:24:42 pm	8:54:16 pm	14:16:57	1:16:13 pm	5:01 am	9:30 pm	4:21 am	10:10 pm
Jul 25 2021	5:39:05 am	6:08:34 am	8:23:53 pm	8:53:22 pm	14:15:19	1:16:13 pm	5:02 am	9:29 pm	4:23 am	10:09 pm
Jul 26 2021	5:39:59 am	6:09:23 am	8:23:02 pm	8:52:26 pm	14:13:39	1:16:13 pm	5:03 am	9:28 pm	4:24 am	10:08 pm
Jul 27 2021	5:40:53 am	6:10:12 am	8:22:10 pm	8:51:29 pm	14:11:58	1:16:11 pm	5:04 am	9:27 pm	4:25 am	10:06 pm
Jul 28 2021	5:41:48 am	6:11:02 am	8:21:17 pm	8:50:31 pm	14:10:15	1:16:09 pm	5:05 am	9:26 pm	4:26 am	10:05 pm
Jul 29 2021	5:42:43 am	6:11:52 am	8:20:22 pm	8:49:31 pm	14:08:30	1:16:07 pm	5:06 am	9:25 pm	4:28 am	10:04 pm
Jul 30 2021	5:43:39 am	6:12:42 am	8:19:25 pm	8:48:29 pm	14:06:43	1:16:04 pm	5:08 am	9:24 pm	4:29 am	10:02 pm
Jul 31 2021	5:44:34 am	6:13:33 am	8:18:27 pm	8:47:26 pm	14:04:54	1:16:00 pm	5:09 am	9:22 pm	4:30 am	10:01 pm
Aug 1 2021	5:45:30 am	6:14:24 am	8:17:28 pm	8:46:21 pm	14:03:04	1:15:56 pm	5:10 am	9:21 pm	4:32 am	9:59 pm
Aug 2 2021	5:46:26 am	6:15:15 am	8:16:27 pm	8:45:16 pm	14:01:12	1:15:51 pm	5:11 am	9:20 pm	4:33 am	9:58 pm
Aug 3 2021	5:47:22 am	6:16:06 am	8:15:25 pm	8:44:08 pm	13:59:19	1:15:45 pm	5:12 am	9:19 pm	4:34 am	9:56 pm
Aug 4 2021	5:48:18 am	6:16:57 am	8:14:21 pm	8:43:00 pm	13:57:24	1:15:39 pm	5:13 am	9:17 pm	4:35 am	9:55 pm
Aug 5 2021	5:49:15 am	6:17:48 am	8:13:16 pm	8:41:50 pm	13:55:28	1:15:32 pm	5:14 am	9:16 pm	4:37 am	9:53 pm
Aug 6 2021	5:50:11 am	6:18:40 am	8:12:10 pm	8:40:39 pm	13:53:30	1:15:25 pm	5:15 am	9:15 pm	4:38 am	9:52 pm
Aug 7 2021	5:51:07 am	6:19:31 am	8:11:03 pm	8:39:27 pm	13:51:32	1:15:17 pm	5:16 am	9:13 pm	4:39 am	9:50 pm
Aug 8 2021	5:52:04 am	6:20:23 am	8:09:54 pm	8:38:13 pm	13:49:31	1:15:08 pm	5:17 am	9:12 pm	4:40 am	9:49 pm
Aug 9 2021	5:53:00 am	6:21:15 am	8:08:44 pm	8:36:58 pm	13:47:29	1:14:59 pm	5:18 am	9:11 pm	4:42 am	9:47 pm
Aug 10 2021	5:53:57 am	6:22:06 am	8:07:33 pm	8:35:43 pm	13:45:27	1:14:50 pm	5:19 am	9:09 pm	4:43 am	9:46 pm
Aug 11 2021	5:54:53 am	6:22:58 am	8:06:21 pm	8:34:26 pm	13:43:23	1:14:39 pm	5:20 am	9:08 pm	4:44 am	9:44 pm
Aug 12 2021	5:55:50 am	6:23:50 am	8:05:08 pm	8:33:08 pm	13:41:18	1:14:29 pm	5:21 am	9:07 pm	4:45 am	9:43 pm
Aug 13 2021	5:56:46 am	6:24:41 am	8:03:53 pm	8:31:49 pm	13:39:12	1:14:17 pm	5:23 am	9:05 pm	4:47 am	9:41 pm
Aug 14 2021	5:57:42 am	6:25:33 am	8:02:38 pm	8:30:29 pm	13:37:05	1:14:06 pm	5:24 am	9:04 pm	4:48 am	9:39 pm
Aug 15 2021	5:58:38 am	6:26:25 am	8:01:22 pm	8:29:08 pm	13:34:57	1:13:53 pm	5:25 am	9:02 pm	4:49 am	9:38 pm
Aug 16 2021	5:59:34 am	6:27:16 am	8:00:04 pm	8:27:46 pm	13:32:48	1:13:40 pm	5:26 am	9:01 pm	4:50 am	9:36 pm
Aug 17 2021	6:00:30 am	6:28:08 am	7:58:46 pm	8:26:23 pm	13:30:38	1:13:27 pm	5:27 am	8:59 pm	4:52 am	9:34 pm
Aug 18 2021	6:01:26 am	6:28:59 am	7:57:26 pm	8:25:00 pm	13:28:27	1:13:13 pm	5:28 am	8:58 pm	4:53 am	9:33 pm
Aug 19 2021	6:02:22 am	6:29:51 am	7:56:06 pm	8:23:35 pm	13:26:15	1:12:59 pm	5:29 am	8:56 pm	4:54 am	9:31 pm
Aug 20 2021	6:03:17 am	6:30:42 am	7:54:45 pm	8:22:10 pm	13:24:03	1:12:44 pm	5:30 am	8:55 pm	4:55 am	9:29 pm
Aug 21 2021	6:04:13 am	6:31:34 am	7:53:23 pm	8:20:44 pm	13:21:49	1:12:28 pm	5:31 am	8:53 pm	4:56 am	9:28 pm
Aug 22 2021	6:05:08 am	6:32:25 am	7:52:00 pm	8:19:17 pm	13:19:35	1:12:13 pm	5:32 am	8:52 pm	4:58 am	9:26 pm
Aug 23 2021	6:06:03 am	6:33:16 am	7:50:37 pm	8:17:50 pm	13:17:21	1:11:57 pm	5:33 am	8:50 pm	4:59 am	9:24 pm
Aug 24 2021	6:06:58 am	6:34:07 am	7:49:13 pm	8:16:22 pm	13:15:06	1:11:40 pm	5:34 am	8:48 pm	5:00 am	9:22 pm
Aug 25 2021	6:07:53 am	6:34:58 am	7:47:47 pm	8:14:53 pm	13:12:49	1:11:23 pm	5:35 am	8:47 pm	5:01 am	9:21 pm
Aug 26 2021	6:08:47 am	6:35:49 am	7:46:22 pm	8:13:24 pm	13:10:33	1:11:06 pm	5:36 am	8:45 pm	5:02 am	9:19 pm
Aug 27 2021	6:09:42 am	6:36:40 am	7:44:55 pm	8:11:54 pm	13:08:15	1:10:48 pm	5:37 am	8:44 pm	5:03 am	9:17 pm
Aug 28 2021	6:10:36 am	6:37:31 am	7:43:28 pm	8:10:24 pm	13:05:57	1:10:30 pm	5:38 am	8:42 pm	5:05 am	9:15 pm
Aug 29 2021	6:11:30 am	6:38:22 am	7:42:01 pm	8:08:53 pm	13:03:39	1:10:11 pm	5:39 am	8:40 pm	5:06 am	9:14 pm
Aug 30 2021	6:12:24 am	6:39:13 am	7:40:32 pm	8:07:21 pm	13:01:19	1:09:53 pm	5:40 am	8:39 pm	5:07 am	9:12 pm
Aug 31 2021	6:13:18 am	6:40:03 am	7:39:04 pm	8:05:49 pm	12:59:01	1:09:34 pm	5:41 am	8:37 pm	5:08 am	9:10 pm
Sep 1 2021	6:14:11 am	6:40:54 am	7:37:34 pm	8:04:17 pm	12:56:40	1:09:14 pm	5:42 am	8:36 pm	5:09 am	9:08 pm
Sep 2 2021	6:15:05 am	6:41:44 am	7:36:05 pm	8:02:44 pm	12:54:21	1:08:55 pm	5:43 am	8:34 pm	5:10 am	9:07 pm
Sep 3 2021	6:15:58 am	6:42:35 am	7:34:34 pm	8:01:11 pm	12:51:59	1:08:35 pm	5:44 am	8:32 pm	5:11 am	9:05 pm
Sep 4 2021	6:16:51 am	6:43:25 am	7:33:04 pm	7:59:38 pm	12:49:39	1:08:15 pm	5:45 am	8:31 pm	5:12 am	9:03 pm
Sep 5 2021	6:17:44 am	6:44:16 am	7:31:33 pm	7:58:04 pm	12:47:17	1:07:54 pm	5:46 am	8:29 pm	5:13 am	9:01 pm
Sep 6 2021	6:18:37 am	6:45:06 am	7:30:01 pm	7:56:31 pm	12:44:55	1:07:34 pm	5:47 am	8:27 pm	5:14 am	9:00 pm
Sep 7 2021	6:19:30 am	6:45:57 am	7:28:30 pm	7:54:56 pm	12:42:33	1:07:13 pm	5:48 am	8:26 pm	5:15 am	8:58 pm
Sep 8 2021	6:20:22 am	6:46:47 am	7:26:57 pm	7:53:22 pm	12:40:10	1:06:52 pm	5:49 am	8:24 pm	5:17 am	8:56 pm
Sep 9 2021	6:21:15 am	6:47:37 am	7:25:25 pm	7:51:48 pm	12:37:48	1:06:31 pm	5:50 am	8:22 pm	5:18 am	8:55 pm
Sep 10 2021	6:22:07 am	6:48:28 am	7:23:52 pm	7:50:13 pm	12:35:24	1:06:10 pm	5:50 am	8:21 pm	5:19 am	8:53 pm
Sep 11 2021	6:23:00 am	6:49:18 am	7:22:20 pm	7:48:38 pm	12:33:02	1:05:49 pm	5:51 am	8:19 pm	5:20 am	8:51 pm
Sep 12 2021	6:23:52 am	6:50:09 am	7:20:47 pm	7:47:03 pm	12:30:38	1:05:28 pm	5:52 am	8:18 pm	5:21 am	8:49 pm
Sep 13 2021	6:24:44 am	6:50:59 am	7:19:13 pm	7:45:29 pm	12:28:14	1:05:06 pm	5:53 am	8:16 pm	5:22 am	8:48 pm
Sep 14 2021	6:25:36 am	6:51:50 am	7:17:40 pm	7:43:54 pm	12:25:50	1:04:45 pm	5:54 am	8:14 pm	5:23 am	8:46 pm
Sep 15 2021	6:26:28 am	6:52:40 am	7:16:06 pm	7:42:19 pm	12:23:26	1:04:23 pm	5:55 am	8:13 pm	5:24 am	8:44 pm
Sep 16 2021	6:27:20 am	6:53:31 am	7:14:33 pm	7:40:44 pm	12:21:02	1:04:02 pm	5:56 am	8:11 pm	5:25 am	8:42 pm
Sep 17 2021	6:28:12 am	6:54:22 am	7:12:59 pm	7:39:09 pm	12:18:37	1:03:41 pm	5:57 am	8:09 pm	5:26 am	8:41 pm
Sep 18 2021	6:29:04 am	6:55:13 am	7:11:26 pm	7:37:34 pm	12:16:13	1:03:19 pm	5:58 am	8:08 pm	5:27 am	8:39 pm
Sep 19 2021	6:29:56 am	6:56:04 am	7:09:52 pm	7:36:00 pm	12:13:48	1:02:58 pm	5:59 am	8:06 pm	5:28 am	8:37 pm
Sep 20 2021	6:30:48 am	6:56:55 am	7:08:18 pm	7:34:25 pm	12:11:23	1:02:37 pm	6:00 am	8:05 pm	5:29 am	8:36 pm
Sep 21 2021	6:31:40 am	6:57:46 am	7:06:45 pm	7:32:51 pm	12:08:59	1:02:15 pm	6:01 am	8:03 pm	5:29 am	8:34 pm
Sep 22 2021	6:32:32 am	6:58:37 am	7:05:11 pm	7:31:17 pm	12:06:34	1:01:54 pm	6:01 am	8:01 pm	5:30 am	8:32 pm
Sep 23 2021	6:33:24 am	6:59:29 am	7:03:38 pm	7:29:43 pm	12:04:09	1:01:33 pm	6:02 am	8:00 pm	5:31 am	8:31 pm
Sep 24 2021	6:34:16 am	7:00:20 am	7:02:05 pm	7:28:10 pm	12:01:45	1:01:13 pm	6:03 am	7:58 pm	5:32 am	8:29 pm
Sep 25 2021	6:35:08 am	7:01:12 am	7:00:32 pm	7:26:36 pm	11:59:20	1:00:52 pm	6:04 am	7:57 pm	5:33 am	8:27 pm
Sep 26 2021	6:36:00 am	7:02:04 am	6:58:59 pm	7:25:04 pm	11:56:55	1:00:32 pm	6:05 am	7:55 pm	5:34 am	8:26 pm
Sep 27 2021	6:36:52 am	7:02:56 am	6:57:27 pm	7:23:31 pm	11:54:31	1:00:12 pm	6:06 am	7:53 pm	5:35 am	8:24 pm
Sep 28 2021	6:37:44 am	7:03:49 am	6:55:55 pm	7:21:59 pm	11:52:06	12:59:52 pm	6:07 am	7:52 pm	5:36 am	8:23 pm
Sep 29 2021	6:38:37 am	7:04:41 am	6:54:23 pm	7:20:27 pm	11:49:42	12:59:32 pm	6:08 am	7:50 pm	5:37 am	8:21 pm
Sep 30 2021	6:39:29 am	7:05:34 am	6:52:51 pm	7:18:56 pm	11:47:17	12:59:13 pm	6:09 am	7:49 pm	5:38 am	8:19 pm
Oct 1 2021	6:40:22 am	7:06:27 am	6:51:20 pm	7:17:25 pm	11:44:53	12:58:53 pm	6:09 am	7:47 pm	5:39 am	8:18 pm
Oct 2 2021	6:41:15 am	7:07:21 am	6:49:49 pm	7:15:55 pm	11:42:28	12:58:35 pm	6:10 am	7:46 pm	5:40 am	8:16 pm
Oct 3 2021	6:42:08 am	7:08:14 am	6:48:18 pm	7:14:25 pm	11:40:04	12:58:16 pm	6:11 am	7:44 pm	5:41 am	8:15 pm
Oct 4 2021	6:43:01 am	7:09:08 am	6:46:48 pm	7:12:56 pm	11:37:40	12:57:58 pm	6:12 am	7:43 pm	5:42 am	8:13 pm
Oct 5 2021	6:43:54 am	7:10:02 am	6:45:19 pm	7:11:27 pm	11:35:17	12:57:41 pm	6:13 am	7:41 pm	5:43 am	8:12 pm
Oct 6 2021	6:44:48 am	7:10:57 am	6:43:50 pm	7:09:59 pm	11:32:53	12:57:23 pm	6:14 am	7:40 pm	5:43 am	8:10 pm
Oct 7 2021	6:45:41 am	7:11:51 am	6:42:22 pm	7:08:32 pm	11:30:31	12:57:06 pm	6:15 am	7:38 pm	5:44 am	8:09 pm
Oct 8 2021	6:46:35 am	7:12:46 am	6:40:54 pm	7:07:05 pm	11:28:08	12:56:50 pm	6:16 am	7:37 pm	5:45 am	8:07 pm
Oct 9 2021	6:47:29 am	7:13:42 am	6:39:26 pm	7:05:39 pm	11:25:44	12:56:34 pm	6:17 am	7:36 pm	5:46 am	8:06 pm
Oct 10 2021	6:48:23 am	7:14:37 am	6:38:00 pm	7:04:14 pm	11:23:23	12:56:19 pm	6:18 am	7:34 pm	5:47 am	8:05 pm
Oct 11 2021	6:49:18 am	7:15:33 am	6:36:34 pm	7:02:50 pm	11:21:01	12:56:04 pm	6:18 am	7:33 pm	5:48 am	8:03 pm
Oct 12 2021	6:50:12 am	7:16:30 am	6:35:09 pm	7:01:26 pm	11:18:39	12:55:49 pm	6:19 am	7:31 pm	5:49 am	8:02 pm
Oct 13 2021	6:51:07 am	7:17:26 am	6:33:44 pm	7:00:03 pm	11:16:18	12:55:35 pm	6:20 am	7:30 pm	5:50 am	8:00 pm
Oct 14 2021	6:52:03 am	7:18:23 am	6:32:20 pm	6:58:41 pm	11:13:57	12:55:22 pm	6:21 am	7:29 pm	5:51 am	7:59 pm
Oct 15 2021	6:52:58 am	7:19:21 am	6:30:57 pm	6:57:20 pm	11:11:36	12:55:09 pm	6:22 am	7:27 pm	5:52 am	7:58 pm
Oct 16 2021	6:53:54 am	7:20:18 am	6:29:35 pm	6:56:00 pm	11:09:17	12:54:57 pm	6:23 am	7:26 pm	5:53 am	7:56 pm
Oct 17 2021	6:54:49 am	7:21:16 am	6:28:14 pm	6:54:41 pm	11:06:58	12:54:45 pm	6:24 am	7:25 pm	5:53 am	7:55 pm
Oct 18 2021	6:55:46 am	7:22:15 am	6:26:54 pm	6:53:23 pm	11:04:39	12:54:34 pm	6:25 am	7:23 pm	5:54 am	7:54 pm
Oct 19 2021	6:56:42 am	7:23:14 am	6:25:34 pm	6:52:06 pm	11:02:20	12:54:24 pm	6:26 am	7:22 pm	5:55 am	7:53 pm
Oct 20 2021	6:57:39 am	7:24:13 am	6:24:16 pm	6:50:50 pm	11:00:03	12:54:14 pm	6:27 am	7:21 pm	5:56 am	7:51 pm
Oct 21 2021	6:58:36 am	7:25:12 am	6:22:58 pm	6:49:35 pm	10:57:46	12:54:05 pm	6:27 am	7:20 pm	5:57 am	7:50 pm
Oct 22 2021	6:59:33 am	7:26:12 am	6:21:42 pm	6:48:21 pm	10:55:30	12:53:57 pm	6:28 am	7:19 pm	5:58 am	7:49 pm
Oct 23 2021	7:00:30 am	7:27:12 am	6:20:27 pm	6:47:08 pm	10:53:15	12:53:49 pm	6:29 am	7:17 pm	5:59 am	7:48 pm
Oct 24 2021	7:01:28 am	7:28:12 am	6:19:12 pm	6:45:57 pm	10:51:00	12:53:42 pm	6:30 am	7:16 pm	6:00 am	7:47 pm
Oct 25 2021	7:02:26 am	7:29:13 am	6:17:59 pm	6:44:46 pm	10:48:46	12:53:36 pm	6:31 am	7:15 pm	6:01 am	7:46 pm
Oct 26 2021	7:03:24 am	7:30:14 am	6:16:47 pm	6:43:37 pm	10:46:33	12:53:31 pm	6:32 am	7:14 pm	6:02 am	7:44 pm
Oct 27 2021	7:04:22 am	7:31:15 am	6:15:36 pm	6:42:30 pm	10:44:21	12:53:26 pm	6:33 am	7:13 pm	6:03 am	7:43 pm
Oct 28 2021	7:05:21 am	7:32:17 am	6:14:27 pm	6:41:23 pm	10:42:10	12:53:22 pm	6:34 am	7:12 pm	6:03 am	7:42 pm
Oct 29 2021	7:06:20 am	7:33:19 am	6:13:19 pm	6:40:18 pm	10:40:00	12:53:19 pm	6:35 am	7:11 pm	6:04 am	7:41 pm
Oct 30 2021	7:07:19 am	7:34:21 am	6:12:12 pm	6:39:14 pm	10:37:51	12:53:16 pm	6:36 am	7:10 pm	6:05 am	7:40 pm
Oct 31 2021	7:08:18 am	7:35:23 am	6:11:06 pm	6:38:12 pm	10:35:43	12:53:15 pm	6:37 am	7:09 pm	6:06 am	7:39 pm
Nov 1 2021	7:09:17 am	7:36:26 am	6:10:02 pm	6:37:11 pm	10:33:36	12:53:14 pm	6:38 am	7:08 pm	6:07 am	7:38 pm
Nov 2 2021	7:10:17 am	7:37:29 am	6:08:59 pm	6:36:11 pm	10:31:30	12:53:14 pm	6:39 am	7:07 pm	6:08 am	7:37 pm
Nov 3 2021	7:11:17 am	7:38:32 am	6:07:57 pm	6:35:13 pm	10:29:25	12:53:15 pm	6:40 am	7:06 pm	6:09 am	7:37 pm
Nov 4 2021	7:12:17 am	7:39:36 am	6:06:57 pm	6:34:16 pm	10:27:21	12:53:16 pm	6:41 am	7:05 pm	6:10 am	7:36 pm
Nov 5 2021	7:13:17 am	7:40:39 am	6:05:59 pm	6:33:21 pm	10:25:20	12:53:19 pm	6:42 am	7:04 pm	6:11 am	7:35 pm
Nov 6 2021	7:14:17 am	7:41:43 am	6:05:02 pm	6:32:28 pm	10:23:19	12:53:22 pm	6:42 am	7:03 pm	6:12 am	7:34 pm
Nov 7 2021	6:15:19 am	6:42:49 am	5:04:04 pm	5:31:34 pm	10:21:15	11:53:27 am	5:43 am	6:02 pm	5:13 am	6:33 pm
Nov 8 2021	6:16:20 am	6:43:53 am	5:03:10 pm	5:30:43 pm	10:19:17	11:53:32 am	5:44 am	6:02 pm	5:14 am	6:32 pm
Nov 9 2021	6:17:20 am	6:44:57 am	5:02:18 pm	5:29:55 pm	10:17:21	11:53:38 am	5:45 am	6:01 pm	5:15 am	6:32 pm
Nov 10 2021	6:18:20 am	6:46:01 am	5:01:27 pm	5:29:08 pm	10:15:26	11:53:44 am	5:46 am	6:00 pm	5:15 am	6:31 pm
Nov 11 2021	6:19:21 am	6:47:05 am	5:00:39 pm	5:28:23 pm	10:13:34	11:53:52 am	5:47 am	5:59 pm	5:16 am	6:30 pm
Nov 12 2021	6:20:21 am	6:48:09 am	4:59:52 pm	5:27:39 pm	10:11:43	11:54:00 am	5:48 am	5:59 pm	5:17 am	6:30 pm
Nov 13 2021	6:21:22 am	6:49:13 am	4:59:06 pm	5:26:58 pm	10:09:53	11:54:10 am	5:49 am	5:58 pm	5:18 am	6:29 pm
Nov 14 2021	6:22:22 am	6:50:17 am	4:58:23 pm	5:26:18 pm	10:08:06	11:54:20 am	5:50 am	5:58 pm	5:19 am	6:29 pm
Nov 15 2021	6:23:22 am	6:51:21 am	4:57:41 pm	5:25:40 pm	10:06:20	11:54:31 am	5:51 am	5:57 pm	5:20 am	6:28 pm
Nov 16 2021	6:24:22 am	6:52:24 am	4:57:01 pm	5:25:03 pm	10:04:37	11:54:43 am	5:52 am	5:56 pm	5:21 am	6:28 pm
Nov 17 2021	6:25:22 am	6:53:27 am	4:56:23 pm	5:24:29 pm	10:02:56	11:54:55 am	5:53 am	5:56 pm	5:22 am	6:27 pm
Nov 18 2021	6:26:21 am	6:54:31 am	4:55:47 pm	5:23:56 pm	10:01:16	11:55:09 am	5:54 am	5:55 pm	5:23 am	6:27 pm
Nov 19 2021	6:27:21 am	6:55:34 am	4:55:12 pm	5:23:25 pm	09:59:38	11:55:23 am	5:55 am	5:55 pm	5:24 am	6:26 pm
Nov 20 2021	6:28:20 am	6:56:36 am	4:54:40 pm	5:22:56 pm	09:58:04	11:55:38 am	5:56 am	5:54 pm	5:25 am	6:26 pm
Nov 21 2021	6:29:18 am	6:57:38 am	4:54:09 pm	5:22:29 pm	09:56:31	11:55:54 am	5:57 am	5:54 pm	5:25 am	6:25 pm
Nov 22 2021	6:30:17 am	6:58:40 am	4:53:41 pm	5:22:04 pm	09:55:01	11:56:11 am	5:58 am	5:54 pm	5:26 am	6:25 pm
Nov 23 2021	6:31:15 am	6:59:41 am	4:53:15 pm	5:21:41 pm	09:53:34	11:56:28 am	5:59 am	5:53 pm	5:27 am	6:25 pm
Nov 24 2021	6:32:12 am	7:00:42 am	4:52:50 pm	5:21:20 pm	09:52:08	11:56:46 am	5:59 am	5:53 pm	5:28 am	6:25 pm
Nov 25 2021	6:33:09 am	7:01:43 am	4:52:28 pm	5:21:01 pm	09:50:45	11:57:05 am	6:00 am	5:53 pm	5:29 am	6:24 pm
Nov 26 2021	6:34:06 am	7:02:42 am	4:52:07 pm	5:20:44 pm	09:49:25	11:57:25 am	6:01 am	5:53 pm	5:30 am	6:24 pm
Nov 27 2021	6:35:02 am	7:03:41 am	4:51:49 pm	5:20:29 pm	09:48:08	11:57:45 am	6:02 am	5:52 pm	5:31 am	6:24 pm
Nov 28 2021	6:35:57 am	7:04:40 am	4:51:33 pm	5:20:15 pm	09:46:53	11:58:06 am	6:03 am	5:52 pm	5:31 am	6:24 pm
Nov 29 2021	6:36:52 am	7:05:38 am	4:51:19 pm	5:20:04 pm	09:45:41	11:58:28 am	6:04 am	5:52 pm	5:32 am	6:24 pm
Nov 30 2021	6:37:46 am	7:06:34 am	4:51:07 pm	5:19:55 pm	09:44:33	11:58:51 am	6:05 am	5:52 pm	5:33 am	6:24 pm
Dec 1 2021	6:38:39 am	7:07:30 am	4:50:57 pm	5:19:48 pm	09:43:27	11:59:14 am	6:06 am	5:52 pm	5:34 am	6:24 pm
Dec 2 2021	6:39:32 am	7:08:26 am	4:50:49 pm	5:19:42 pm	09:42:23	11:59:37 am	6:06 am	5:52 pm	5:35 am	6:23 pm
Dec 3 2021	6:40:24 am	7:09:20 am	4:50:43 pm	5:19:39 pm	09:41:23	12:00:01 pm	6:07 am	5:52 pm	5:36 am	6:24 pm
Dec 4 2021	6:41:14 am	7:10:13 am	4:50:40 pm	5:19:38 pm	09:40:27	12:00:26 pm	6:08 am	5:52 pm	5:36 am	6:24 pm
Dec 5 2021	6:42:04 am	7:11:05 am	4:50:38 pm	5:19:39 pm	09:39:33	12:00:52 pm	6:09 am	5:52 pm	5:37 am	6:24 pm
Dec 6 2021	6:42:53 am	7:11:56 am	4:50:39 pm	5:19:42 pm	09:38:43	12:01:17 pm	6:10 am	5:52 pm	5:38 am	6:24 pm
Dec 7 2021	6:43:41 am	7:12:46 am	4:50:41 pm	5:19:46 pm	09:37:55	12:01:44 pm	6:10 am	5:52 pm	5:39 am	6:24 pm
Dec 8 2021	6:44:28 am	7:13:35 am	4:50:46 pm	5:19:53 pm	09:37:11	12:02:11 pm	6:11 am	5:52 pm	5:39 am	6:24 pm
Dec 9 2021	6:45:14 am	7:14:22 am	4:50:53 pm	5:20:02 pm	09:36:31	12:02:38 pm	6:12 am	5:52 pm	5:40 am	6:24 pm
Dec 10 2021	6:45:58 am	7:15:09 am	4:51:02 pm	5:20:13 pm	09:35:53	12:03:05 pm	6:13 am	5:53 pm	5:41 am	6:24 pm
Dec 11 2021	6:46:42 am	7:15:53 am	4:51:13 pm	5:20:25 pm	09:35:20	12:03:33 pm	6:13 am	5:53 pm	5:41 am	6:25 pm
Dec 12 2021	6:47:24 am	7:16:37 am	4:51:27 pm	5:20:40 pm	09:34:50	12:04:02 pm	6:14 am	5:53 pm	5:42 am	6:25 pm
Dec 13 2021	6:48:04 am	7:17:19 am	4:51:42 pm	5:20:56 pm	09:34:23	12:04:30 pm	6:15 am	5:53 pm	5:43 am	6:25 pm
Dec 14 2021	6:48:44 am	7:17:59 am	4:51:59 pm	5:21:14 pm	09:34:00	12:04:59 pm	6:15 am	5:54 pm	5:43 am	6:26 pm
Dec 15 2021	6:49:22 am	7:18:38 am	4:52:18 pm	5:21:35 pm	09:33:40	12:05:28 pm	6:16 am	5:54 pm	5:44 am	6:26 pm
Dec 16 2021	6:49:59 am	7:19:16 am	4:52:40 pm	5:21:57 pm	09:33:24	12:05:58 pm	6:17 am	5:54 pm	5:45 am	6:26 pm
Dec 17 2021	6:50:34 am	7:19:51 am	4:53:03 pm	5:22:20 pm	09:33:12	12:06:27 pm	6:17 am	5:55 pm	5:45 am	6:27 pm
Dec 18 2021	6:51:08 am	7:20:25 am	4:53:28 pm	5:22:46 pm	09:33:03	12:06:57 pm	6:18 am	5:55 pm	5:46 am	6:27 pm
Dec 19 2021	6:51:40 am	7:20:58 am	4:53:55 pm	5:23:13 pm	09:32:57	12:07:26 pm	6:18 am	5:56 pm	5:46 am	6:28 pm
Dec 20 2021	6:52:10 am	7:21:29 am	4:54:24 pm	5:23:42 pm	09:32:55	12:07:56 pm	6:19 am	5:56 pm	5:47 am	6:28 pm
Dec 21 2021	6:52:39 am	7:21:57 am	4:54:55 pm	5:24:13 pm	09:32:58	12:08:26 pm	6:19 am	5:57 pm	5:47 am	6:29 pm
Dec 22 2021	6:53:07 am	7:22:24 am	4:55:27 pm	5:24:45 pm	09:33:03	12:08:56 pm	6:20 am	5:57 pm	5:48 am	6:29 pm
Dec 23 2021	6:53:32 am	7:22:50 am	4:56:02 pm	5:25:19 pm	09:33:12	12:09:26 pm	6:20 am	5:58 pm	5:48 am	6:30 pm
Dec 24 2021	6:53:56 am	7:23:13 am	4:56:38 pm	5:25:55 pm	09:33:25	12:09:56 pm	6:21 am	5:58 pm	5:49 am	6:30 pm
Dec 25 2021	6:54:19 am	7:23:35 am	4:57:16 pm	5:26:32 pm	09:33:41	12:10:25 pm	6:21 am	5:59 pm	5:49 am	6:31 pm
Dec 26 2021	6:54:39 am	7:23:54 am	4:57:55 pm	5:27:10 pm	09:34:01	12:10:55 pm	6:21 am	6:00 pm	5:49 am	6:32 pm
Dec 27 2021	6:54:58 am	7:24:12 am	4:58:36 pm	5:27:50 pm	09:34:24	12:11:24 pm	6:22 am	6:00 pm	5:50 am	6:32 pm
Dec 28 2021	6:55:14 am	7:24:27 am	4:59:19 pm	5:28:32 pm	09:34:52	12:11:53 pm	6:22 am	6:01 pm	5:50 am	6:33 pm
Dec 29 2021	6:55:29 am	7:24:41 am	5:00:03 pm	5:29:15 pm	09:35:22	12:12:22 pm	6:22 am	6:02 pm	5:50 am	6:34 pm
Dec 30 2021	6:55:43 am	7:24:53 am	5:00:49 pm	5:29:59 pm	09:35:56	12:12:51 pm	6:22 am	6:02 pm	5:51 am	6:34 pm
Dec 31 2021	6:55:54 am	7:25:02 am	5:01:36 pm	5:30:44 pm	09:36:34	12:13:19 pm	6:23 am	6:03 pm	5:51 am	6:35 pm