Date,Sunrise,Sunset,Daylength,DaylengthDiff,AstTwiStart,AstTwiEnd,NauTwiStart,NauTwiEnd,CivTwiStart,CivTwiEnd,SolNoon,SolNoonMilMi
2020-01-01,07:25,17:01,9:36:16,+0:36,05:51,18:35,06:23,18:03,06:55,17:30,12:13,91.401
2020-01-02,07:25,17:02,9:36:55,+0:39,05:51,18:36,06:23,18:04,06:56,17:31,12:13,91.400
2020-01-03,07:25,17:02,9:37:38,+0:42,05:51,18:36,06:23,18:04,06:56,17:32,12:14,91.399
2020-01-04,07:25,17:03,9:38:25,+0:46,05:51,18:37,06:23,18:05,06:56,17:33,12:14,91.398
2020-01-05,07:25,17:04,9:39:14,+0:49,05:51,18:38,06:23,18:06,06:56,17:33,12:14,91.398
2020-01-06,07:25,17:05,9:40:07,+0:52,05:51,18:39,06:23,18:07,06:56,17:34,12:15,91.399
2020-01-07,07:25,17:06,9:41:03,+0:56,05:52,18:39,06:23,18:08,06:56,17:35,12:15,91.400
2020-01-08,07:25,17:07,9:42:02,+0:59,05:52,18:40,06:23,18:09,06:56,17:36,12:16,91.402
2020-01-09,07:25,17:08,9:43:05,+1:02,05:52,18:41,06:23,18:09,06:56,17:37,12:16,91.404
2020-01-10,07:25,17:09,9:44:10,+1:05,05:52,18:42,06:23,18:10,06:56,17:38,12:17,91.407
2020-01-11,07:24,17:10,9:45:19,+1:08,05:52,18:43,06:23,18:11,06:56,17:39,12:17,91.410
2020-01-12,07:24,17:11,9:46:30,+1:11,05:51,18:44,06:23,18:12,06:55,17:40,12:17,91.414
2020-01-13,07:24,17:12,9:47:44,+1:14,05:51,18:45,06:23,18:13,06:55,17:41,12:18,91.419
2020-01-14,07:24,17:13,9:49:01,+1:17,05:51,18:45,06:23,18:14,06:55,17:42,12:18,91.424
2020-01-15,07:23,17:14,9:50:21,+1:19,05:51,18:46,06:23,18:15,06:55,17:43,12:19,91.430
2020-01-16,07:23,17:15,9:51:43,+1:22,05:51,18:47,06:22,18:16,06:55,17:43,12:19,91.437
2020-01-17,07:23,17:16,9:53:09,+1:25,05:51,18:48,06:22,18:17,06:54,17:44,12:19,91.443
2020-01-18,07:22,17:17,9:54:36,+1:27,05:50,18:49,06:22,18:18,06:54,17:45,12:20,91.451
2020-01-19,07:22,17:18,9:56:07,+1:30,05:50,18:50,06:21,18:19,06:53,17:47,12:20,91.458
2020-01-20,07:21,17:19,9:57:39,+1:32,05:50,18:51,06:21,18:20,06:53,17:48,12:20,91.466
2020-01-21,07:21,17:20,9:59:14,+1:35,05:49,18:52,06:21,18:21,06:53,17:49,12:20,91.475
2020-01-22,07:20,17:21,10:00:52,+1:37,05:49,18:53,06:20,18:22,06:52,17:50,12:21,91.484
2020-01-23,07:20,17:22,10:02:31,+1:39,05:49,18:54,06:20,18:23,06:52,17:51,12:21,91.493
2020-01-24,07:19,17:24,10:04:13,+1:41,05:48,18:55,06:19,18:23,06:51,17:52,12:21,91.502
2020-01-25,07:19,17:25,10:05:57,+1:43,05:48,18:56,06:19,18:24,06:51,17:53,12:21,91.512
2020-01-26,07:18,17:26,10:07:43,+1:45,05:47,18:57,06:18,18:25,06:50,17:54,12:22,91.522
2020-01-27,07:17,17:27,10:09:31,+1:47,05:47,18:58,06:18,18:26,06:49,17:55,12:22,91.533
2020-01-28,07:17,17:28,10:11:21,+1:49,05:46,18:58,06:17,18:27,06:49,17:56,12:22,91.544
2020-01-29,07:16,17:29,10:13:13,+1:51,05:46,18:59,06:16,18:28,06:48,17:57,12:22,91.555
2020-01-30,07:15,17:30,10:15:06,+1:53,05:45,19:00,06:16,18:29,06:47,17:58,12:22,91.566
2020-01-31,07:14,17:31,10:17:01,+1:55,05:44,19:01,06:15,18:30,06:47,17:59,12:23,91.578
2020-02-01,07:13,17:32,10:18:58,+1:56,05:44,19:02,06:14,18:31,06:46,18:00,12:23,91.590
2020-02-02,07:13,17:34,10:20:57,+1:58,05:43,19:03,06:14,18:33,06:45,18:01,12:23,91.603
2020-02-03,07:12,17:35,10:22:57,+2:00,05:42,19:04,06:13,18:34,06:44,18:02,12:23,91.616
2020-02-04,07:11,17:36,10:24:58,+2:01,05:41,19:05,06:12,18:35,06:43,18:03,12:23,91.630
2020-02-05,07:10,17:37,10:27:01,+2:02,05:41,19:06,06:11,18:36,06:42,18:04,12:23,91.644
2020-02-06,07:09,17:38,10:29:06,+2:04,05:40,19:07,06:10,18:37,06:42,18:05,12:23,91.658
2020-02-07,07:08,17:39,10:31:11,+2:05,05:39,19:08,06:10,18:38,06:41,18:06,12:23,91.673
2020-02-08,07:07,17:40,10:33:18,+2:06,05:38,19:09,06:09,18:39,06:40,18:07,12:23,91.689
2020-02-09,07:06,17:41,10:35:26,+2:08,05:37,19:10,06:08,18:40,06:39,18:09,12:23,91.705
2020-02-10,07:05,17:42,10:37:36,+2:09,05:36,19:11,06:07,18:41,06:38,18:10,12:23,91.722
2020-02-11,07:04,17:44,10:39:46,+2:10,05:35,19:12,06:06,18:42,06:37,18:11,12:23,91.739
2020-02-12,07:03,17:45,10:41:58,+2:11,05:34,19:13,06:05,18:43,06:36,18:12,12:23,91.756
2020-02-13,07:02,17:46,10:44:10,+2:12,05:33,19:14,06:04,18:44,06:35,18:13,12:23,91.774
2020-02-14,07:00,17:47,10:46:24,+2:13,05:32,19:15,06:03,18:45,06:33,18:14,12:23,91.793
2020-02-15,06:59,17:48,10:48:38,+2:14,05:31,19:16,06:02,18:46,06:32,18:15,12:23,91.812
2020-02-16,06:58,17:49,10:50:54,+2:15,05:30,19:17,06:01,18:47,06:31,18:16,12:23,91.831
2020-02-17,06:57,17:50,10:53:10,+2:16,05:29,19:18,05:59,18:47,06:30,18:17,12:23,91.850
2020-02-18,06:56,17:51,10:55:27,+2:17,05:28,19:19,05:58,18:48,06:29,18:18,12:23,91.870
2020-02-19,06:54,17:52,10:57:45,+2:17,05:27,19:20,05:57,18:49,06:28,18:19,12:23,91.890
2020-02-20,06:53,17:53,11:00:03,+2:18,05:26,19:21,05:56,18:50,06:27,18:20,12:23,91.910
2020-02-21,06:52,17:54,11:02:22,+2:19,05:24,19:22,05:55,18:51,06:25,18:21,12:23,91.931
2020-02-22,06:51,17:55,11:04:42,+2:19,05:23,19:23,05:54,18:52,06:24,18:22,12:23,91.951
2020-02-23,06:49,17:56,11:07:03,+2:20,05:22,19:24,05:52,18:53,06:23,18:23,12:23,91.972
2020-02-24,06:48,17:57,11:09:24,+2:21,05:21,19:25,05:51,18:54,06:22,18:24,12:22,91.993
2020-02-25,06:47,17:58,11:11:45,+2:21,05:19,19:26,05:50,18:55,06:20,18:25,12:22,92.014
2020-02-26,06:45,17:59,11:14:08,+2:22,05:18,19:27,05:48,18:56,06:19,18:26,12:22,92.036
2020-02-27,06:44,18:00,11:16:30,+2:22,05:17,19:28,05:47,18:57,06:18,18:27,12:22,92.057
2020-02-28,06:43,18:01,11:18:53,+2:23,05:15,19:29,05:46,18:58,06:16,18:28,12:22,92.079
2020-02-29,06:41,18:02,11:21:17,+2:23,05:14,19:30,05:44,18:59,06:15,18:29,12:22,92.101
2020-03-01,06:40,18:03,11:23:41,+2:23,05:13,19:31,05:43,19:00,06:14,18:30,12:21,92.123
2020-03-02,06:38,18:04,11:26:05,+2:24,05:11,19:32,05:42,19:01,06:12,18:31,12:21,92.146
2020-03-03,06:37,18:05,11:28:29,+2:24,05:10,19:33,05:40,19:02,06:11,18:32,12:21,92.168
2020-03-04,06:36,18:06,11:30:54,+2:24,05:09,19:34,05:39,19:03,06:09,18:33,12:21,92.191
2020-03-05,06:34,18:07,11:33:19,+2:25,05:07,19:35,05:38,19:04,06:08,18:34,12:20,92.214
2020-03-06,06:33,18:08,11:35:45,+2:25,05:06,19:36,05:36,19:05,06:06,18:35,12:20,92.238
2020-03-07,06:31,18:09,11:38:11,+2:25,05:04,19:37,05:35,19:06,06:05,18:36,12:20,92.261
2020-03-08,07:30,19:10,11:40:36,+2:25,06:03,20:38,06:33,20:07,07:04,19:37,13:20,92.285
2020-03-09,07:28,19:11,11:43:02,+2:26,06:01,20:39,06:32,20:08,07:02,19:38,13:19,92.310
2020-03-10,07:27,19:12,11:45:29,+2:26,06:00,20:40,06:30,20:09,07:01,19:38,13:19,92.335
2020-03-11,07:25,19:13,11:47:55,+2:26,05:58,20:41,06:29,20:10,06:59,19:39,13:19,92.360
2020-03-12,07:24,19:14,11:50:22,+2:26,05:57,20:42,06:27,20:11,06:58,19:40,13:19,92.385
2020-03-13,07:22,19:15,11:52:48,+2:26,05:55,20:43,06:26,20:12,06:56,19:41,13:18,92.411
2020-03-14,07:21,19:16,11:55:15,+2:26,05:54,20:44,06:24,20:13,06:55,19:42,13:18,92.437
2020-03-15,07:19,19:17,11:57:42,+2:26,05:52,20:45,06:23,20:14,06:53,19:43,13:18,92.463
2020-03-16,07:18,19:18,12:00:09,+2:26,05:50,20:46,06:21,20:15,06:52,19:44,13:18,92.489
2020-03-17,07:16,19:19,12:02:36,+2:26,05:49,20:47,06:20,20:16,06:50,19:45,13:17,92.515
2020-03-18,07:15,19:20,12:05:03,+2:27,05:47,20:48,06:18,20:17,06:49,19:46,13:17,92.542
2020-03-19,07:13,19:21,12:07:29,+2:26,05:46,20:49,06:17,20:18,06:47,19:47,13:17,92.568
2020-03-20,07:12,19:22,12:09:56,+2:26,05:44,20:50,06:15,20:19,06:46,19:48,13:16,92.595
2020-03-21,07:10,19:23,12:12:23,+2:26,05:42,20:51,06:13,20:20,06:44,19:49,13:16,92.621
2020-03-22,07:09,19:24,12:14:50,+2:26,05:41,20:52,06:12,20:21,06:43,19:50,13:16,92.648
2020-03-23,07:07,19:24,12:17:17,+2:26,05:39,20:53,06:10,20:22,06:41,19:51,13:16,92.674
2020-03-24,07:06,19:25,12:19:43,+2:26,05:37,20:54,06:09,20:23,06:39,19:52,13:15,92.701
2020-03-25,07:04,19:26,12:22:10,+2:26,05:36,20:55,06:07,20:23,06:38,19:53,13:15,92.727
2020-03-26,07:03,19:27,12:24:36,+2:26,05:34,20:56,06:06,20:24,06:36,19:54,13:15,92.753
2020-03-27,07:01,19:28,12:27:02,+2:26,05:32,20:57,06:04,20:25,06:35,19:55,13:14,92.780
2020-03-28,07:00,19:29,12:29:28,+2:25,05:31,20:58,06:02,20:26,06:33,19:55,13:14,92.806
2020-03-29,06:58,19:30,12:31:54,+2:25,05:29,20:59,06:01,20:27,06:32,19:56,13:14,92.832
2020-03-30,06:57,19:31,12:34:20,+2:25,05:27,21:00,05:59,20:28,06:30,19:57,13:13,92.858
2020-03-31,06:55,19:32,12:36:45,+2:25,05:26,21:02,05:58,20:30,06:29,19:58,13:13,92.884
2020-04-01,06:54,19:33,12:39:10,+2:25,05:24,21:03,05:56,20:31,06:27,19:59,13:13,92.911
2020-04-02,06:52,19:34,12:41:35,+2:24,05:22,21:04,05:54,20:32,06:26,20:00,13:13,92.937
2020-04-03,06:51,19:35,12:43:59,+2:24,05:20,21:05,05:53,20:33,06:24,20:01,13:12,92.963
2020-04-04,06:49,19:35,12:46:23,+2:24,05:19,21:06,05:51,20:34,06:23,20:02,13:12,92.989
2020-04-05,06:48,19:36,12:48:47,+2:23,05:17,21:07,05:50,20:35,06:21,20:03,13:12,93.016
2020-04-06,06:46,19:37,12:51:10,+2:23,05:15,21:08,05:48,20:36,06:19,20:04,13:11,93.042
2020-04-07,06:45,19:38,12:53:33,+2:22,05:14,21:10,05:46,20:37,06:18,20:05,13:11,93.069
2020-04-08,06:43,19:39,12:55:56,+2:22,05:12,21:11,05:45,20:38,06:16,20:06,13:11,93.095
2020-04-09,06:42,19:40,12:58:18,+2:22,05:10,21:12,05:43,20:39,06:15,20:07,13:11,93.122
2020-04-10,06:40,19:41,13:00:39,+2:21,05:09,21:13,05:42,20:40,06:13,20:08,13:10,93.149
2020-04-11,06:39,19:42,13:03:00,+2:21,05:07,21:14,05:40,20:41,06:12,20:09,13:10,93.176
2020-04-12,06:37,19:43,13:05:21,+2:20,05:05,21:15,05:38,20:42,06:10,20:10,13:10,93.203
2020-04-13,06:36,19:44,13:07:41,+2:20,05:03,21:17,05:37,20:43,06:09,20:11,13:09,93.230
2020-04-14,06:35,19:45,13:10:00,+2:19,05:02,21:18,05:35,20:44,06:08,20:12,13:09,93.256
2020-04-15,06:33,19:46,13:12:19,+2:18,05:00,21:19,05:34,20:45,06:06,20:13,13:09,93.283
2020-04-16,06:32,19:46,13:14:37,+2:18,04:58,21:20,05:32,20:46,06:05,20:14,13:09,93.310
2020-04-17,06:30,19:47,13:16:55,+2:17,04:57,21:22,05:31,20:47,06:03,20:15,13:09,93.336
2020-04-18,06:29,19:48,13:19:12,+2:16,04:55,21:23,05:29,20:48,06:02,20:16,13:08,93.362
2020-04-19,06:28,19:49,13:21:28,+2:16,04:53,21:24,05:28,20:50,06:00,20:17,13:08,93.388
2020-04-20,06:26,19:50,13:23:43,+2:15,04:52,21:25,05:26,20:51,05:59,20:18,13:08,93.414
2020-04-21,06:25,19:51,13:25:58,+2:14,04:50,21:27,05:25,20:52,05:58,20:19,13:08,93.440
2020-04-22,06:24,19:52,13:28:11,+2:13,04:48,21:28,05:23,20:53,05:56,20:20,13:08,93.465
2020-04-23,06:22,19:53,13:30:24,+2:12,04:47,21:29,05:22,20:54,05:55,20:21,13:07,93.490
2020-04-24,06:21,19:54,13:32:36,+2:11,04:45,21:30,05:20,20:55,05:53,20:22,13:07,93.515
2020-04-25,06:20,19:55,13:34:47,+2:10,04:43,21:32,05:19,20:56,05:52,20:23,13:07,93.540
2020-04-26,06:19,19:56,13:36:57,+2:09,04:42,21:33,05:17,20:57,05:51,20:24,13:07,93.564
2020-04-27,06:17,19:57,13:39:06,+2:08,04:40,21:34,05:16,20:58,05:50,20:25,13:07,93.588
2020-04-28,06:16,19:57,13:41:13,+2:07,04:38,21:36,05:14,21:00,05:48,20:26,13:07,93.611
2020-04-29,06:15,19:58,13:43:20,+2:06,04:37,21:37,05:13,21:01,05:47,20:27,13:06,93.635
2020-04-30,06:14,19:59,13:45:26,+2:05,04:35,21:38,05:12,21:02,05:46,20:28,13:06,93.658
2020-05-01,06:13,20:00,13:47:30,+2:04,04:34,21:40,05:10,21:03,05:44,20:29,13:06,93.681
2020-05-02,06:12,20:01,13:49:33,+2:02,04:32,21:41,05:09,21:04,05:43,20:30,13:06,93.704
2020-05-03,06:10,20:02,13:51:34,+2:01,04:31,21:42,05:08,21:05,05:42,20:31,13:06,93.726
2020-05-04,06:09,20:03,13:53:35,+2:00,04:29,21:44,05:06,21:06,05:41,20:32,13:06,93.749
2020-05-05,06:08,20:04,13:55:34,+1:58,04:28,21:45,05:05,21:07,05:40,20:33,13:06,93.771
2020-05-06,06:07,20:05,13:57:31,+1:57,04:26,21:46,05:04,21:09,05:39,20:34,13:06,93.793
2020-05-07,06:06,20:06,13:59:27,+1:55,04:25,21:48,05:02,21:10,05:37,20:35,13:06,93.816
2020-05-08,06:05,20:07,14:01:22,+1:54,04:23,21:49,05:01,21:11,05:36,20:36,13:06,93.838
2020-05-09,06:04,20:07,14:03:14,+1:52,04:22,21:50,05:00,21:12,05:35,20:37,13:06,93.860
2020-05-10,06:03,20:08,14:05:06,+1:51,04:21,21:52,04:59,21:13,05:34,20:38,13:06,93.881
2020-05-11,06:02,20:09,14:06:55,+1:49,04:19,21:53,04:58,21:14,05:33,20:38,13:06,93.903
2020-05-12,06:01,20:10,14:08:43,+1:47,04:18,21:54,04:57,21:15,05:32,20:39,13:06,93.924
2020-05-13,06:01,20:11,14:10:29,+1:45,04:16,21:56,04:55,21:16,05:31,20:40,13:06,93.945
2020-05-14,06:00,20:12,14:12:13,+1:44,04:15,21:57,04:54,21:17,05:30,20:41,13:06,93.966
2020-05-15,05:59,20:13,14:13:55,+1:42,04:14,21:58,04:53,21:19,05:29,20:42,13:06,93.987
2020-05-16,05:58,20:14,14:15:36,+1:40,04:13,21:59,04:52,21:20,05:28,20:43,13:06,94.007
2020-05-17,05:57,20:14,14:17:14,+1:38,04:11,22:01,04:51,21:21,05:28,20:44,13:06,94.027
2020-05-18,05:56,20:15,14:18:50,+1:36,04:10,22:02,04:50,21:22,05:27,20:45,13:06,94.046
2020-05-19,05:56,20:16,14:20:24,+1:34,04:09,22:03,04:49,21:23,05:26,20:46,13:06,94.065
2020-05-20,05:55,20:17,14:21:56,+1:31,04:08,22:05,04:48,21:24,05:25,20:47,13:06,94.084
2020-05-21,05:54,20:18,14:23:26,+1:29,04:07,22:06,04:47,21:25,05:24,20:48,13:06,94.102
2020-05-22,05:54,20:19,14:24:53,+1:27,04:06,22:07,04:47,21:26,05:24,20:49,13:06,94.120
2020-05-23,05:53,20:19,14:26:18,+1:25,04:05,22:08,04:46,21:27,05:23,20:50,13:06,94.137
2020-05-24,05:52,20:20,14:27:41,+1:22,04:04,22:09,04:45,21:28,05:22,20:50,13:06,94.154
2020-05-25,05:52,20:21,14:29:01,+1:20,04:03,22:10,04:44,21:29,05:22,20:51,13:06,94.171
2020-05-26,05:51,20:22,14:30:18,+1:17,04:02,22:12,04:43,21:30,05:21,20:52,13:06,94.187
2020-05-27,05:51,20:22,14:31:33,+1:15,04:01,22:13,04:43,21:31,05:20,20:53,13:06,94.202
2020-05-28,05:50,20:23,14:32:46,+1:12,04:00,22:14,04:42,21:32,05:20,20:54,13:07,94.217
2020-05-29,05:50,20:24,14:33:56,+1:09,03:59,22:15,04:41,21:32,05:19,20:54,13:07,94.232
2020-05-30,05:50,20:25,14:35:03,+1:07,03:58,22:16,04:41,21:33,05:19,20:55,13:07,94.246
2020-05-31,05:49,20:25,14:36:07,+1:04,03:58,22:17,04:40,21:34,05:18,20:56,13:07,94.260
2020-06-01,05:49,20:26,14:37:08,+1:01,03:57,22:18,04:40,21:35,05:18,20:57,13:07,94.273
2020-06-02,05:48,20:27,14:38:07,+0:58,03:56,22:19,04:39,21:36,05:18,20:57,13:07,94.287
2020-06-03,05:48,20:27,14:39:03,+0:55,03:56,22:20,04:39,21:37,05:17,20:58,13:07,94.300
2020-06-04,05:48,20:28,14:39:55,+0:52,03:55,22:21,04:38,21:37,05:17,20:59,13:08,94.313
2020-06-05,05:48,20:28,14:40:45,+0:49,03:55,22:22,04:38,21:38,05:17,20:59,13:08,94.325
2020-06-06,05:47,20:29,14:41:32,+0:46,03:54,22:22,04:38,21:39,05:16,21:00,13:08,94.337
2020-06-07,05:47,20:29,14:42:16,+0:43,03:54,22:23,04:37,21:39,05:16,21:01,13:08,94.349
2020-06-08,05:47,20:30,14:42:56,+0:40,03:53,22:24,04:37,21:40,05:16,21:01,13:08,94.361
2020-06-09,05:47,20:30,14:43:34,+0:37,03:53,22:25,04:37,21:41,05:16,21:02,13:09,94.372
2020-06-10,05:47,20:31,14:44:08,+0:34,03:53,22:25,04:37,21:41,05:16,21:02,13:09,94.383
2020-06-11,05:47,20:31,14:44:39,+0:31,03:52,22:26,04:37,21:42,05:16,21:03,13:09,94.394
2020-06-12,05:47,20:32,14:45:07,+0:28,03:52,22:27,04:36,21:42,05:15,21:03,13:09,94.404
2020-06-13,05:47,20:32,14:45:32,+0:24,03:52,22:27,04:36,21:43,05:15,21:04,13:09,94.414
2020-06-14,05:47,20:33,14:45:54,+0:21,03:52,22:28,04:36,21:43,05:15,21:04,13:10,94.424
2020-06-15,05:47,20:33,14:46:12,+0:18,03:52,22:28,04:36,21:44,05:15,21:04,13:10,94.433
2020-06-16,05:47,20:33,14:46:27,+0:15,03:52,22:28,04:36,21:44,05:16,21:05,13:10,94.441
2020-06-17,05:47,20:34,14:46:39,+0:11,03:52,22:29,04:36,21:44,05:16,21:05,13:10,94.450
2020-06-18,05:47,20:34,14:46:47,+0:08,03:52,22:29,04:36,21:45,05:16,21:05,13:10,94.457
2020-06-19,05:47,20:34,14:46:53,+0:05,03:52,22:29,04:37,21:45,05:16,21:06,13:11,94.464
2020-06-20,05:47,20:34,14:46:54,+0:01,03:52,22:30,04:37,21:45,05:16,21:06,13:11,94.470
2020-06-21,05:48,20:35,14:46:53,−0:01,03:52,22:30,04:37,21:45,05:16,21:06,13:11,94.476
2020-06-22,05:48,20:35,14:46:48,−0:04,03:53,22:30,04:37,21:45,05:17,21:06,13:11,94.482
2020-06-23,05:48,20:35,14:46:40,−0:08,03:53,22:30,04:38,21:46,05:17,21:06,13:12,94.486
2020-06-24,05:49,20:35,14:46:29,−0:11,03:53,22:30,04:38,21:46,05:17,21:06,13:12,94.491
2020-06-25,05:49,20:35,14:46:14,−0:14,03:54,22:30,04:38,21:46,05:18,21:06,13:12,94.494
2020-06-26,05:49,20:35,14:45:56,−0:17,03:54,22:30,04:39,21:46,05:18,21:06,13:12,94.497
2020-06-27,05:50,20:35,14:45:35,−0:21,03:55,22:30,04:39,21:46,05:18,21:06,13:12,94.500
2020-06-28,05:50,20:35,14:45:11,−0:24,03:55,22:30,04:40,21:46,05:19,21:06,13:13,94.502
2020-06-29,05:50,20:35,14:44:43,−0:27,03:56,22:29,04:40,21:45,05:19,21:06,13:13,94.504
2020-06-30,05:51,20:35,14:44:12,−0:30,03:56,22:29,04:41,21:45,05:20,21:06,13:13,94.506
2020-07-01,05:51,20:35,14:43:38,−0:33,03:57,22:29,04:41,21:45,05:20,21:06,13:13,94.507
2020-07-02,05:52,20:35,14:43:01,−0:37,03:58,22:29,04:42,21:45,05:21,21:06,13:13,94.507
2020-07-03,05:52,20:35,14:42:21,−0:40,03:59,22:28,04:42,21:45,05:21,21:06,13:14,94.508
2020-07-04,05:53,20:34,14:41:38,−0:43,03:59,22:28,04:43,21:44,05:22,21:05,13:14,94.508
2020-07-05,05:53,20:34,14:40:52,−0:46,04:00,22:27,04:44,21:44,05:22,21:05,13:14,94.507
2020-07-06,05:54,20:34,14:40:03,−0:49,04:01,22:27,04:44,21:43,05:23,21:05,13:14,94.507
2020-07-07,05:55,20:34,14:39:10,−0:52,04:02,22:26,04:45,21:43,05:24,21:05,13:14,94.506
2020-07-08,05:55,20:33,14:38:15,−0:55,04:03,22:25,04:46,21:43,05:24,21:04,13:14,94.505
2020-07-09,05:56,20:33,14:37:18,−0:57,04:04,22:25,04:47,21:42,05:25,21:04,13:15,94.503
2020-07-10,05:56,20:33,14:36:17,−1:00,04:05,22:24,04:47,21:42,05:26,21:03,13:15,94.501
2020-07-11,05:57,20:32,14:35:13,−1:03,04:06,22:23,04:48,21:41,05:26,21:03,13:15,94.499
2020-07-12,05:58,20:32,14:34:07,−1:06,04:07,22:23,04:49,21:40,05:27,21:02,13:15,94.496
2020-07-13,05:58,20:31,14:32:58,−1:08,04:08,22:22,04:50,21:40,05:28,21:02,13:15,94.493
2020-07-14,05:59,20:31,14:31:47,−1:11,04:09,22:21,04:51,21:39,05:29,21:01,13:15,94.489
2020-07-15,06:00,20:30,14:30:33,−1:14,04:10,22:20,04:52,21:38,05:29,21:01,13:15,94.485
2020-07-16,06:01,20:30,14:29:16,−1:16,04:11,22:19,04:53,21:38,05:30,21:00,13:15,94.480
2020-07-17,06:01,20:29,14:27:57,−1:19,04:12,22:18,04:53,21:37,05:31,20:59,13:15,94.475
2020-07-18,06:02,20:29,14:26:35,−1:21,04:13,22:17,04:54,21:36,05:32,20:59,13:15,94.469
2020-07-19,06:03,20:28,14:25:12,−1:23,04:14,22:16,04:55,21:35,05:33,20:58,13:16,94.463
2020-07-20,06:04,20:27,14:23:45,−1:26,04:15,22:15,04:56,21:34,05:33,20:57,13:16,94.456
2020-07-21,06:04,20:27,14:22:17,−1:28,04:17,22:14,04:57,21:33,05:34,20:56,13:16,94.449
2020-07-22,06:05,20:26,14:20:46,−1:30,04:18,22:13,04:58,21:32,05:35,20:56,13:16,94.441
2020-07-23,06:06,20:25,14:19:13,−1:32,04:19,22:11,04:59,21:31,05:36,20:55,13:16,94.432
2020-07-24,06:07,20:24,14:17:39,−1:34,04:20,22:10,05:00,21:30,05:37,20:54,13:16,94.423
2020-07-25,06:07,20:24,14:16:02,−1:36,04:22,22:09,05:01,21:29,05:38,20:53,13:16,94.414
2020-07-26,06:08,20:23,14:14:23,−1:38,04:23,22:08,05:02,21:28,05:39,20:52,13:16,94.404
2020-07-27,06:09,20:22,14:12:42,−1:40,04:24,22:06,05:03,21:27,05:40,20:51,13:16,94.393
2020-07-28,06:10,20:21,14:10:59,−1:42,04:25,22:05,05:04,21:26,05:41,20:50,13:16,94.382
2020-07-29,06:11,20:20,14:09:15,−1:44,04:27,22:04,05:06,21:25,05:41,20:49,13:16,94.371
2020-07-30,06:12,20:19,14:07:28,−1:46,04:28,22:02,05:07,21:24,05:42,20:48,13:16,94.360
2020-07-31,06:12,20:18,14:05:40,−1:47,04:29,22:01,05:08,21:23,05:43,20:47,13:16,94.348
2020-08-01,06:13,20:17,14:03:51,−1:49,04:30,22:00,05:09,21:21,05:44,20:46,13:15,94.336
2020-08-02,06:14,20:16,14:02:00,−1:51,04:32,21:58,05:10,21:20,05:45,20:45,13:15,94.323
2020-08-03,06:15,20:15,14:00:07,−1:52,04:33,21:57,05:11,21:19,05:46,20:44,13:15,94.311
2020-08-04,06:16,20:14,13:58:13,−1:54,04:34,21:55,05:12,21:18,05:47,20:43,13:15,94.298
2020-08-05,06:17,20:13,13:56:17,−1:55,04:35,21:54,05:13,21:16,05:48,20:42,13:15,94.284
2020-08-06,06:18,20:12,13:54:20,−1:57,04:37,21:52,05:14,21:15,05:49,20:40,13:15,94.271
2020-08-07,06:18,20:11,13:52:21,−1:58,04:38,21:51,05:15,21:14,05:50,20:39,13:15,94.257
2020-08-08,06:19,20:10,13:50:21,−1:59,04:39,21:49,05:16,21:12,05:51,20:38,13:15,94.243
2020-08-09,06:20,20:08,13:48:20,−2:01,04:41,21:48,05:17,21:11,05:52,20:37,13:15,94.229
2020-08-10,06:21,20:07,13:46:18,−2:02,04:42,21:46,05:18,21:10,05:53,20:36,13:14,94.214
2020-08-11,06:22,20:06,13:44:15,−2:03,04:43,21:44,05:19,21:08,05:54,20:34,13:14,94.199
2020-08-12,06:23,20:05,13:42:10,−2:04,04:44,21:43,05:20,21:07,05:55,20:33,13:14,94.183
2020-08-13,06:24,20:04,13:40:04,−2:05,04:46,21:41,05:22,21:05,05:55,20:32,13:14,94.168
2020-08-14,06:24,20:02,13:37:57,−2:06,04:47,21:40,05:23,21:04,05:56,20:30,13:14,94.151
2020-08-15,06:25,20:01,13:35:50,−2:07,04:48,21:38,05:24,21:02,05:57,20:29,13:13,94.135
2020-08-16,06:26,20:00,13:33:41,−2:08,04:49,21:36,05:25,21:01,05:58,20:28,13:13,94.118
2020-08-17,06:27,19:59,13:31:31,−2:09,04:51,21:35,05:26,21:00,05:59,20:26,13:13,94.100
2020-08-18,06:28,19:57,13:29:21,−2:10,04:52,21:33,05:27,20:58,06:00,20:25,13:13,94.082
2020-08-19,06:29,19:56,13:27:09,−2:11,04:53,21:31,05:28,20:57,06:01,20:23,13:13,94.064
2020-08-20,06:30,19:55,13:24:57,−2:12,04:54,21:30,05:29,20:55,06:02,20:22,13:12,94.045
2020-08-21,06:30,19:53,13:22:44,−2:13,04:55,21:28,05:30,20:53,06:03,20:21,13:12,94.025
2020-08-22,06:31,19:52,13:20:30,−2:13,04:57,21:26,05:31,20:52,06:04,20:19,13:12,94.006
2020-08-23,06:32,19:50,13:18:15,−2:14,04:58,21:24,05:32,20:50,06:05,20:18,13:12,93.985
2020-08-24,06:33,19:49,13:16:00,−2:15,04:59,21:23,05:33,20:49,06:06,20:16,13:11,93.965
2020-08-25,06:34,19:48,13:13:44,−2:15,05:00,21:21,05:34,20:47,06:07,20:15,13:11,93.944
2020-08-26,06:35,19:46,13:11:27,−2:16,05:01,21:19,05:35,20:46,06:08,20:13,13:11,93.923
2020-08-27,06:36,19:45,13:09:10,−2:17,05:02,21:18,05:36,20:44,06:08,20:12,13:10,93.901
2020-08-28,06:36,19:43,13:06:53,−2:17,05:04,21:16,05:37,20:42,06:09,20:10,13:10,93.880
2020-08-29,06:37,19:42,13:04:34,−2:18,05:05,21:14,05:38,20:41,06:10,20:09,13:10,93.858
2020-08-30,06:38,19:40,13:02:16,−2:18,05:06,21:12,05:39,20:39,06:11,20:07,13:10,93.836
2020-08-31,06:39,19:39,12:59:56,−2:19,05:07,21:11,05:40,20:38,06:12,20:06,13:09,93.814
2020-09-01,06:40,19:37,12:57:37,−2:19,05:08,21:09,05:41,20:36,06:13,20:04,13:09,93.791
2020-09-02,06:41,19:36,12:55:17,−2:20,05:09,21:07,05:42,20:34,06:14,20:03,13:09,93.769
2020-09-03,06:41,19:34,12:52:56,−2:20,05:10,21:05,05:43,20:33,06:15,20:01,13:08,93.746
2020-09-04,06:42,19:33,12:50:35,−2:20,05:11,21:04,05:44,20:31,06:16,20:00,13:08,93.724
2020-09-05,06:43,19:31,12:48:14,−2:21,05:12,21:02,05:45,20:29,06:16,19:58,13:08,93.701
2020-09-06,06:44,19:30,12:45:52,−2:21,05:13,21:00,05:46,20:28,06:17,19:56,13:07,93.678
2020-09-07,06:45,19:28,12:43:30,−2:21,05:15,20:58,05:47,20:26,06:18,19:55,13:07,93.655
2020-09-08,06:46,19:27,12:41:08,−2:22,05:16,20:57,05:48,20:25,06:19,19:53,13:07,93.632
2020-09-09,06:47,19:25,12:38:45,−2:22,05:17,20:55,05:49,20:23,06:20,19:52,13:06,93.608
2020-09-10,06:47,19:24,12:36:22,−2:22,05:18,20:53,05:50,20:21,06:21,19:50,13:06,93.585
2020-09-11,06:48,19:22,12:33:59,−2:23,05:19,20:51,05:51,20:20,06:22,19:49,13:05,93.561
2020-09-12,06:49,19:21,12:31:36,−2:23,05:20,20:50,05:52,20:18,06:23,19:47,13:05,93.537
2020-09-13,06:50,19:19,12:29:12,−2:23,05:21,20:48,05:52,20:16,06:24,19:45,13:05,93.513
2020-09-14,06:51,19:18,12:26:49,−2:23,05:22,20:46,05:53,20:15,06:24,19:44,13:04,93.488
2020-09-15,06:52,19:16,12:24:25,−2:23,05:23,20:45,05:54,20:13,06:25,19:42,13:04,93.463
2020-09-16,06:52,19:14,12:22:00,−2:24,05:24,20:43,05:55,20:11,06:26,19:41,13:04,93.438
2020-09-17,06:53,19:13,12:19:36,−2:24,05:25,20:41,05:56,20:10,06:27,19:39,13:03,93.413
2020-09-18,06:54,19:11,12:17:12,−2:24,05:26,20:39,05:57,20:08,06:28,19:38,13:03,93.387
2020-09-19,06:55,19:10,12:14:47,−2:24,05:27,20:38,05:58,20:07,06:29,19:36,13:03,93.361
2020-09-20,06:56,19:08,12:12:23,−2:24,05:28,20:36,05:59,20:05,06:30,19:34,13:02,93.335
2020-09-21,06:57,19:07,12:09:58,−2:24,05:29,20:34,06:00,20:03,06:30,19:33,13:02,93.309
2020-09-22,06:58,19:05,12:07:33,−2:24,05:30,20:33,06:01,20:02,06:31,19:31,13:02,93.282
2020-09-23,06:58,19:04,12:05:09,−2:24,05:31,20:31,06:02,20:00,06:32,19:30,13:01,93.256
2020-09-24,06:59,19:02,12:02:44,−2:24,05:32,20:29,06:02,19:59,06:33,19:28,13:01,93.229
2020-09-25,07:00,19:00,12:00:19,−2:24,05:32,20:28,06:03,19:57,06:34,19:27,13:01,93.202
2020-09-26,07:01,18:59,11:57:55,−2:24,05:33,20:26,06:04,19:55,06:35,19:25,13:00,93.175
2020-09-27,07:02,18:57,11:55:30,−2:24,05:34,20:25,06:05,19:54,06:36,19:23,13:00,93.148
2020-09-28,07:03,18:56,11:53:05,−2:24,05:35,20:23,06:06,19:52,06:37,19:22,13:00,93.121
2020-09-29,07:04,18:54,11:50:41,−2:24,05:36,20:21,06:07,19:51,06:37,19:20,12:59,93.094
2020-09-30,07:04,18:53,11:48:17,−2:24,05:37,20:20,06:08,19:49,06:38,19:19,12:59,93.068
2020-10-01,07:05,18:51,11:45:53,−2:24,05:38,20:18,06:09,19:48,06:39,19:17,12:59,93.041
2020-10-02,07:06,18:50,11:43:29,−2:24,05:39,20:17,06:10,19:46,06:40,19:16,12:58,93.014
2020-10-03,07:07,18:48,11:41:05,−2:23,05:40,20:15,06:11,19:45,06:41,19:14,12:58,92.988
2020-10-04,07:08,18:47,11:38:41,−2:23,05:41,20:14,06:11,19:43,06:42,19:13,12:58,92.961
2020-10-05,07:09,18:45,11:36:17,−2:23,05:42,20:12,06:12,19:42,06:43,19:11,12:57,92.935
2020-10-06,07:10,18:44,11:33:54,−2:23,05:43,20:11,06:13,19:40,06:44,19:10,12:57,92.909
2020-10-07,07:11,18:42,11:31:31,−2:23,05:44,20:09,06:14,19:39,06:44,19:08,12:57,92.882
2020-10-08,07:12,18:41,11:29:08,−2:22,05:44,20:08,06:15,19:37,06:45,19:07,12:56,92.856
2020-10-09,07:13,18:39,11:26:46,−2:22,05:45,20:06,06:16,19:36,06:46,19:06,12:56,92.830
2020-10-10,07:13,18:38,11:24:24,−2:22,05:46,20:05,06:17,19:35,06:47,19:04,12:56,92.804
2020-10-11,07:14,18:36,11:22:02,−2:21,05:47,20:03,06:18,19:33,06:48,19:03,12:56,92.778
2020-10-12,07:15,18:35,11:19:40,−2:21,05:48,20:02,06:19,19:32,06:49,19:01,12:55,92.752
2020-10-13,07:16,18:34,11:17:19,−2:21,05:49,20:01,06:19,19:30,06:50,19:00,12:55,92.726
2020-10-14,07:17,18:32,11:14:58,−2:20,05:50,19:59,06:20,19:29,06:51,18:59,12:55,92.700
2020-10-15,07:18,18:31,11:12:38,−2:20,05:51,19:58,06:21,19:28,06:52,18:57,12:55,92.674
2020-10-16,07:19,18:29,11:10:18,−2:19,05:52,19:57,06:22,19:26,06:53,18:56,12:55,92.648
2020-10-17,07:20,18:28,11:07:59,−2:19,05:53,19:55,06:23,19:25,06:54,18:55,12:54,92.621
2020-10-18,07:21,18:27,11:05:40,−2:18,05:54,19:54,06:24,19:24,06:55,18:53,12:54,92.595
2020-10-19,07:22,18:25,11:03:22,−2:18,05:54,19:53,06:25,19:23,06:55,18:52,12:54,92.568
2020-10-20,07:23,18:24,11:01:04,−2:17,05:55,19:52,06:26,19:21,06:56,18:51,12:54,92.542
2020-10-21,07:24,18:23,10:58:47,−2:16,05:56,19:50,06:27,19:20,06:57,18:49,12:54,92.516
2020-10-22,07:25,18:22,10:56:31,−2:16,05:57,19:49,06:28,19:19,06:58,18:48,12:54,92.489
2020-10-23,07:26,18:20,10:54:15,−2:15,05:58,19:48,06:29,19:18,06:59,18:47,12:53,92.463
2020-10-24,07:27,18:19,10:52:00,−2:14,05:59,19:47,06:29,19:17,07:00,18:46,12:53,92.437
2020-10-25,07:28,18:18,10:49:46,−2:14,06:00,19:46,06:30,19:15,07:01,18:45,12:53,92.411
2020-10-26,07:29,18:17,10:47:33,−2:13,06:01,19:45,06:31,19:14,07:02,18:43,12:53,92.386
2020-10-27,07:30,18:15,10:45:21,−2:12,06:02,19:44,06:32,19:13,07:03,18:42,12:53,92.360
2020-10-28,07:31,18:14,10:43:09,−2:11,06:03,19:43,06:33,19:12,07:04,18:41,12:53,92.335
2020-10-29,07:32,18:13,10:40:59,−2:10,06:04,19:42,06:34,19:11,07:05,18:40,12:53,92.310
2020-10-30,07:33,18:12,10:38:49,−2:09,06:05,19:41,06:35,19:10,07:06,18:39,12:53,92.286
2020-10-31,07:34,18:11,10:36:41,−2:08,06:05,19:40,06:36,19:09,07:07,18:38,12:53,92.262
2020-11-01,06:35,17:10,10:34:34,−2:07,05:06,18:39,05:37,18:08,06:08,17:37,11:53,92.238
2020-11-02,06:36,17:09,10:32:28,−2:06,05:07,18:38,05:38,18:07,06:09,17:36,11:53,92.214
2020-11-03,06:37,17:08,10:30:23,−2:04,05:08,18:37,05:39,18:06,06:10,17:35,11:53,92.191
2020-11-04,06:38,17:07,10:28:19,−2:03,05:09,18:36,05:40,18:05,06:11,17:34,11:53,92.168
2020-11-05,06:39,17:06,10:26:16,−2:02,05:10,18:35,05:41,18:04,06:12,17:33,11:53,92.145
2020-11-06,06:40,17:05,10:24:15,−2:01,05:11,18:34,05:42,18:03,06:13,17:32,11:53,92.123
2020-11-07,06:42,17:04,10:22:16,−1:59,05:12,18:33,05:43,18:03,06:14,17:31,11:53,92.101
2020-11-08,06:43,17:03,10:20:17,−1:58,05:13,18:33,05:44,18:02,06:15,17:31,11:53,92.079
2020-11-09,06:44,17:02,10:18:21,−1:56,05:14,18:32,05:45,18:01,06:16,17:30,11:53,92.057
2020-11-10,06:45,17:01,10:16:25,−1:55,05:15,18:31,05:46,18:00,06:17,17:29,11:53,92.036
2020-11-11,06:46,17:00,10:14:32,−1:53,05:16,18:31,05:46,18:00,06:18,17:28,11:53,92.015
2020-11-12,06:47,17:00,10:12:40,−1:51,05:16,18:30,05:47,17:59,06:19,17:27,11:53,91.994
2020-11-13,06:48,16:59,10:10:50,−1:50,05:17,18:29,05:48,17:58,06:20,17:27,11:54,91.973
2020-11-14,06:49,16:58,10:09:01,−1:48,05:18,18:29,05:49,17:58,06:21,17:26,11:54,91.953
2020-11-15,06:50,16:57,10:07:15,−1:46,05:19,18:28,05:50,17:57,06:22,17:25,11:54,91.932
2020-11-16,06:51,16:57,10:05:30,−1:44,05:20,18:28,05:51,17:57,06:23,17:25,11:54,91.912
2020-11-17,06:52,16:56,10:03:48,−1:42,05:21,18:27,05:52,17:56,06:24,17:24,11:54,91.892
2020-11-18,06:53,16:55,10:02:07,−1:40,05:22,18:27,05:53,17:56,06:25,17:24,11:54,91.872
2020-11-19,06:54,16:55,10:00:29,−1:38,05:23,18:26,05:54,17:55,06:26,17:23,11:55,91.852
2020-11-20,06:55,16:54,9:58:53,−1:36,05:24,18:26,05:55,17:55,06:27,17:23,11:55,91.833
2020-11-21,06:56,16:54,9:57:19,−1:33,05:25,18:26,05:56,17:54,06:28,17:22,11:55,91.814
2020-11-22,06:57,16:53,9:55:48,−1:31,05:26,18:25,05:57,17:54,06:29,17:22,11:56,91.795
2020-11-23,06:58,16:53,9:54:18,−1:29,05:26,18:25,05:58,17:53,06:30,17:21,11:56,91.776
2020-11-24,07:00,16:52,9:52:52,−1:26,05:27,18:25,05:59,17:53,06:31,17:21,11:56,91.758
2020-11-25,07:01,16:52,9:51:28,−1:24,05:28,18:24,06:00,17:53,06:32,17:21,11:56,91.741
2020-11-26,07:02,16:52,9:50:06,−1:21,05:29,18:24,06:01,17:53,06:33,17:20,11:57,91.724
2020-11-27,07:03,16:51,9:48:48,−1:18,05:30,18:24,06:01,17:52,06:34,17:20,11:57,91.707
2020-11-28,07:04,16:51,9:47:31,−1:16,05:31,18:24,06:02,17:52,06:35,17:20,11:57,91.691
2020-11-29,07:04,16:51,9:46:18,−1:13,05:32,18:24,06:03,17:52,06:36,17:20,11:58,91.675
2020-11-30,07:05,16:51,9:45:08,−1:10,05:32,18:24,06:04,17:52,06:37,17:19,11:58,91.660
2020-12-01,07:06,16:50,9:44:00,−1:07,05:33,18:24,06:05,17:52,06:37,17:19,11:58,91.645
2020-12-02,07:07,16:50,9:42:56,−1:04,05:34,18:23,06:06,17:52,06:38,17:19,11:59,91.631
2020-12-03,07:08,16:50,9:41:54,−1:01,05:35,18:23,06:07,17:52,06:39,17:19,11:59,91.617
2020-12-04,07:09,16:50,9:40:55,−0:58,05:36,18:24,06:07,17:52,06:40,17:19,12:00,91.604
2020-12-05,07:10,16:50,9:40:00,−0:55,05:36,18:24,06:08,17:52,06:41,17:19,12:00,91.591
2020-12-06,07:11,16:50,9:39:08,−0:52,05:37,18:24,06:09,17:52,06:42,17:19,12:01,91.579
2020-12-07,07:12,16:50,9:38:19,−0:49,05:38,18:24,06:10,17:52,06:43,17:19,12:01,91.567
2020-12-08,07:13,16:50,9:37:33,−0:45,05:39,18:24,06:11,17:52,06:43,17:19,12:01,91.556
2020-12-09,07:13,16:50,9:36:51,−0:42,05:39,18:24,06:11,17:52,06:44,17:19,12:02,91.545
2020-12-10,07:14,16:50,9:36:11,−0:39,05:40,18:24,06:12,17:52,06:45,17:20,12:02,91.534
2020-12-11,07:15,16:51,9:35:36,−0:35,05:41,18:25,06:13,17:53,06:46,17:20,12:03,91.524
2020-12-12,07:16,16:51,9:35:03,−0:32,05:42,18:25,06:13,17:53,06:46,17:20,12:03,91.514
2020-12-13,07:16,16:51,9:34:35,−0:28,05:42,18:25,06:14,17:53,06:47,17:20,12:04,91.504
2020-12-14,07:17,16:51,9:34:09,−0:25,05:43,18:25,06:15,17:54,06:48,17:21,12:04,91.495
2020-12-15,07:18,16:52,9:33:48,−0:21,05:43,18:26,06:15,17:54,06:48,17:21,12:05,91.486
2020-12-16,07:18,16:52,9:33:29,−0:18,05:44,18:26,06:16,17:54,06:49,17:21,12:05,91.477
2020-12-17,07:19,16:52,9:33:15,−0:14,05:45,18:27,06:17,17:55,06:50,17:22,12:06,91.469
2020-12-18,07:20,16:53,9:33:04,−0:11,05:45,18:27,06:17,17:55,06:50,17:22,12:06,91.461
2020-12-19,07:20,16:53,9:32:56,−0:07,05:46,18:27,06:18,17:55,06:51,17:23,12:07,91.453
2020-12-20,07:21,16:54,9:32:52,−0:03,05:46,18:28,06:18,17:56,06:51,17:23,12:07,91.446
2020-12-21,07:21,16:54,9:32:52,< 1s,05:47,18:28,06:19,17:56,06:52,17:24,12:08,91.439
2020-12-22,07:22,16:55,9:32:55,+0:03,05:47,18:29,06:19,17:57,06:52,17:24,12:08,91.433
2020-12-23,07:22,16:55,9:33:02,+0:06,05:48,18:30,06:20,17:58,06:53,17:25,12:09,91.427
2020-12-24,07:23,16:56,9:33:13,+0:10,05:48,18:30,06:20,17:58,06:53,17:25,12:09,91.422
2020-12-25,07:23,16:56,9:33:27,+0:14,05:49,18:31,06:21,17:59,06:54,17:26,12:10,91.417
2020-12-26,07:23,16:57,9:33:45,+0:17,05:49,18:31,06:21,17:59,06:54,17:26,12:10,91.413
2020-12-27,07:24,16:58,9:34:06,+0:21,05:49,18:32,06:21,18:00,06:54,17:27,12:11,91.409
2020-12-28,07:24,16:58,9:34:31,+0:24,05:50,18:33,06:22,18:01,06:55,17:28,12:11,91.406
2020-12-29,07:24,16:59,9:34:59,+0:28,05:50,18:33,06:22,18:01,06:55,17:28,12:12,91.404
2020-12-30,07:24,17:00,9:35:31,+0:31,05:50,18:34,06:22,18:02,06:55,17:29,12:12,91.402
2020-12-31,07:25,17:01,9:36:06,+0:35,05:51,18:35,06:22,18:03,06:55,17:30,12:13,91.400
2021-01-01,07:25,17:01,9:36:45,+0:38,05:51,18:35,06:23,18:03,06:55,17:31,12:13,91.400
2021-01-02,07:25,17:02,9:37:27,+0:42,05:51,18:36,06:23,18:04,06:56,17:31,12:13,91.399
2021-01-03,07:25,17:03,9:38:13,+0:45,05:51,18:37,06:23,18:05,06:56,17:32,12:14,91.400
2021-01-04,07:25,17:04,9:39:02,+0:48,05:51,18:38,06:23,18:06,06:56,17:33,12:14,91.401
2021-01-05,07:25,17:05,9:39:54,+0:52,05:51,18:38,06:23,18:07,06:56,17:34,12:15,91.402
2021-01-06,07:25,17:06,9:40:49,+0:55,05:51,18:39,06:23,18:07,06:56,17:35,12:15,91.404
2021-01-07,07:25,17:07,9:41:47,+0:58,05:52,18:40,06:23,18:08,06:56,17:36,12:16,91.407
2021-01-08,07:25,17:08,9:42:49,+1:01,05:52,18:41,06:23,18:09,06:56,17:37,12:16,91.410
2021-01-09,07:25,17:09,9:43:54,+1:04,05:52,18:42,06:23,18:10,06:56,17:38,12:17,91.413
2021-01-10,07:25,17:10,9:45:01,+1:07,05:52,18:43,06:23,18:11,06:56,17:38,12:17,91.417
2021-01-11,07:24,17:11,9:46:12,+1:10,05:51,18:43,06:23,18:12,06:56,17:39,12:17,91.421
2021-01-12,07:24,17:12,9:47:26,+1:13,05:51,18:44,06:23,18:13,06:55,17:40,12:18,91.425
2021-01-13,07:24,17:13,9:48:42,+1:16,05:51,18:45,06:23,18:14,06:55,17:41,12:18,91.430
2021-01-14,07:24,17:14,9:50:01,+1:19,05:51,18:46,06:23,18:15,06:55,17:42,12:18,91.435
2021-01-15,07:23,17:15,9:51:23,+1:21,05:51,18:47,06:22,18:16,06:55,17:43,12:19,91.440
2021-01-16,07:23,17:16,9:52:48,+1:24,05:51,18:48,06:22,18:16,06:54,17:44,12:19,91.446
2021-01-17,07:22,17:17,9:54:15,+1:27,05:50,18:49,06:22,18:17,06:54,17:45,12:19,91.452
2021-01-18,07:22,17:18,9:55:44,+1:29,05:50,18:50,06:22,18:18,06:54,17:46,12:20,91.458
2021-01-19,07:22,17:19,9:57:16,+1:32,05:50,18:51,06:21,18:19,06:53,17:47,12:20,91.465
2021-01-20,07:21,17:20,9:58:51,+1:34,05:49,18:52,06:21,18:20,06:53,17:48,12:20,91.473
2021-01-21,07:21,17:21,10:00:28,+1:36,05:49,18:53,06:20,18:21,06:52,17:49,12:21,91.480
2021-01-22,07:20,17:22,10:02:07,+1:39,05:49,18:53,06:20,18:22,06:52,17:50,12:21,91.489
2021-01-23,07:19,17:23,10:03:48,+1:41,05:48,18:54,06:19,18:23,06:51,17:51,12:21,91.498
2021-01-24,07:19,17:24,10:05:31,+1:43,05:48,18:55,06:19,18:24,06:51,17:52,12:21,91.507
2021-01-25,07:18,17:25,10:07:17,+1:45,05:47,18:56,06:18,18:25,06:50,17:53,12:22,91.517
2021-01-26,07:17,17:27,10:09:04,+1:47,05:47,18:57,06:18,18:26,06:50,17:55,12:22,91.527
2021-01-27,07:17,17:28,10:10:54,+1:49,05:46,18:58,06:17,18:27,06:49,17:56,12:22,91.538
2021-01-28,07:16,17:29,10:12:45,+1:51,05:46,18:59,06:17,18:28,06:48,17:57,12:22,91.549
2021-01-29,07:15,17:30,10:14:38,+1:53,05:45,19:00,06:16,18:29,06:47,17:58,12:22,91.561
2021-01-30,07:14,17:31,10:16:33,+1:54,05:44,19:01,06:15,18:30,06:47,17:59,12:23,91.574
2021-01-31,07:14,17:32,10:18:29,+1:56,05:44,19:02,06:15,18:31,06:46,18:00,12:23,91.587
2021-02-01,07:13,17:33,10:20:27,+1:58,05:43,19:03,06:14,18:32,06:45,18:01,12:23,91.600
2021-02-02,07:12,17:34,10:22:27,+1:59,05:42,19:04,06:13,18:33,06:44,18:02,12:23,91.614
2021-02-03,07:11,17:35,10:24:28,+2:01,05:42,19:05,06:12,18:34,06:44,18:03,12:23,91.629
2021-02-04,07:10,17:37,10:26:31,+2:02,05:41,19:06,06:11,18:35,06:43,18:04,12:23,91.644
2021-02-05,07:09,17:38,10:28:35,+2:04,05:40,19:07,06:11,18:36,06:42,18:05,12:23,91.659
2021-02-06,07:08,17:39,10:30:40,+2:05,05:39,19:08,06:10,18:37,06:41,18:06,12:23,91.675
2021-02-07,07:07,17:40,10:32:47,+2:06,05:38,19:09,06:09,18:38,06:40,18:07,12:23,91.691
2021-02-08,07:06,17:41,10:34:55,+2:07,05:37,19:10,06:08,18:39,06:39,18:08,12:23,91.708
2021-02-09,07:05,17:42,10:37:04,+2:09,05:36,19:11,06:07,18:40,06:38,18:09,12:23,91.724
2021-02-10,07:04,17:43,10:39:14,+2:10,05:35,19:12,06:06,18:41,06:37,18:10,12:23,91.741
2021-02-11,07:03,17:44,10:41:25,+2:11,05:34,19:13,06:05,18:42,06:36,18:11,12:23,91.758
2021-02-12,07:02,17:45,10:43:38,+2:12,05:33,19:14,06:04,18:43,06:35,18:12,12:23,91.776
2021-02-13,07:01,17:47,10:45:51,+2:13,05:32,19:15,06:03,18:44,06:34,18:13,12:23,91.793
2021-02-14,07:00,17:48,10:48:05,+2:14,05:31,19:16,06:02,18:45,06:33,18:14,12:23,91.811
2021-02-15,06:58,17:49,10:50:21,+2:15,05:30,19:17,06:01,18:46,06:32,18:16,12:23,91.829
2021-02-16,06:57,17:50,10:52:37,+2:16,05:29,19:18,06:00,18:47,06:30,18:17,12:23,91.847
2021-02-17,06:56,17:51,10:54:53,+2:16,05:28,19:19,05:59,18:48,06:29,18:18,12:23,91.866
2021-02-18,06:55,17:52,10:57:11,+2:17,05:27,19:20,05:57,18:49,06:28,18:19,12:23,91.885
2021-02-19,06:53,17:53,10:59:29,+2:18,05:26,19:21,05:56,18:50,06:27,18:20,12:23,91.904
2021-02-20,06:52,17:54,11:01:48,+2:19,05:25,19:22,05:55,18:51,06:26,18:21,12:23,91.924
2021-02-21,06:51,17:55,11:04:08,+2:19,05:23,19:23,05:54,18:52,06:24,18:22,12:23,91.943
2021-02-22,06:50,17:56,11:06:28,+2:20,05:22,19:24,05:53,18:53,06:23,18:23,12:23,91.964
2021-02-23,06:48,17:57,11:08:49,+2:20,05:21,19:25,05:51,18:54,06:22,18:24,12:22,91.984
2021-02-24,06:47,17:58,11:11:11,+2:21,05:20,19:26,05:50,18:55,06:21,18:25,12:22,92.005
2021-02-25,06:46,17:59,11:13:33,+2:22,05:18,19:26,05:49,18:56,06:19,18:26,12:22,92.026
2021-02-26,06:44,18:00,11:15:55,+2:22,05:17,19:27,05:47,18:57,06:18,18:27,12:22,92.048
2021-02-27,06:43,18:01,11:18:18,+2:22,05:16,19:28,05:46,18:58,06:17,18:28,12:22,92.070
2021-02-28,06:42,18:02,11:20:41,+2:23,05:14,19:29,05:45,18:59,06:15,18:29,12:22,92.093
2021-03-01,07:25,17:01,9:36:45,+0:38,05:51,18:35,06:23,18:03,06:55,17:31,12:13,91.400
2021-03-02,07:25,17:02,9:37:27,+0:42,05:51,18:36,06:23,18:04,06:56,17:31,12:13,91.399
2021-03-03,07:25,17:03,9:38:13,+0:45,05:51,18:37,06:23,18:05,06:56,17:32,12:14,91.400
2021-03-04,07:25,17:04,9:39:02,+0:48,05:51,18:38,06:23,18:06,06:56,17:33,12:14,91.401
2021-03-05,07:25,17:05,9:39:54,+0:52,05:51,18:38,06:23,18:07,06:56,17:34,12:15,91.402
2021-03-06,07:25,17:06,9:40:49,+0:55,05:51,18:39,06:23,18:07,06:56,17:35,12:15,91.404
2021-03-07,07:25,17:07,9:41:47,+0:58,05:52,18:40,06:23,18:08,06:56,17:36,12:16,91.407
2021-03-08,07:25,17:08,9:42:49,+1:01,05:52,18:41,06:23,18:09,06:56,17:37,12:16,91.410
2021-03-09,07:25,17:09,9:43:54,+1:04,05:52,18:42,06:23,18:10,06:56,17:38,12:17,91.413
2021-03-10,07:25,17:10,9:45:01,+1:07,05:52,18:43,06:23,18:11,06:56,17:38,12:17,91.417
2021-03-11,07:24,17:11,9:46:12,+1:10,05:51,18:43,06:23,18:12,06:56,17:39,12:17,91.421
2021-03-12,07:24,17:12,9:47:26,+1:13,05:51,18:44,06:23,18:13,06:55,17:40,12:18,91.425
2021-03-13,07:24,17:13,9:48:42,+1:16,05:51,18:45,06:23,18:14,06:55,17:41,12:18,91.430
2021-03-14,07:24,17:14,9:50:01,+1:19,05:51,18:46,06:23,18:15,06:55,17:42,12:18,91.435
2021-03-15,07:23,17:15,9:51:23,+1:21,05:51,18:47,06:22,18:16,06:55,17:43,12:19,91.440
2021-03-16,07:23,17:16,9:52:48,+1:24,05:51,18:48,06:22,18:16,06:54,17:44,12:19,91.446
2021-03-17,07:22,17:17,9:54:15,+1:27,05:50,18:49,06:22,18:17,06:54,17:45,12:19,91.452
2021-03-18,07:22,17:18,9:55:44,+1:29,05:50,18:50,06:22,18:18,06:54,17:46,12:20,91.458
2021-03-19,07:22,17:19,9:57:16,+1:32,05:50,18:51,06:21,18:19,06:53,17:47,12:20,91.465
2021-03-20,07:21,17:20,9:58:51,+1:34,05:49,18:52,06:21,18:20,06:53,17:48,12:20,91.473
2021-03-21,07:21,17:21,10:00:28,+1:36,05:49,18:53,06:20,18:21,06:52,17:49,12:21,91.480
2021-03-22,07:20,17:22,10:02:07,+1:39,05:49,18:53,06:20,18:22,06:52,17:50,12:21,91.489
2021-03-23,07:19,17:23,10:03:48,+1:41,05:48,18:54,06:19,18:23,06:51,17:51,12:21,91.498
2021-03-24,07:19,17:24,10:05:31,+1:43,05:48,18:55,06:19,18:24,06:51,17:52,12:21,91.507
2021-03-25,07:18,17:25,10:07:17,+1:45,05:47,18:56,06:18,18:25,06:50,17:53,12:22,91.517
2021-03-26,07:17,17:27,10:09:04,+1:47,05:47,18:57,06:18,18:26,06:50,17:55,12:22,91.527
2021-03-27,07:17,17:28,10:10:54,+1:49,05:46,18:58,06:17,18:27,06:49,17:56,12:22,91.538
2021-03-28,07:16,17:29,10:12:45,+1:51,05:46,18:59,06:17,18:28,06:48,17:57,12:22,91.549
2021-03-29,07:15,17:30,10:14:38,+1:53,05:45,19:00,06:16,18:29,06:47,17:58,12:22,91.561
2021-03-30,07:14,17:31,10:16:33,+1:54,05:44,19:01,06:15,18:30,06:47,17:59,12:23,91.574
2021-03-31,07:14,17:32,10:18:29,+1:56,05:44,19:02,06:15,18:31,06:46,18:00,12:23,91.587
2021-04-01,06:54,19:32,12:38:34,+2:25,05:24,21:02,05:56,20:30,06:27,19:59,13:13,92.903
2021-04-02,06:52,19:33,12:40:59,+2:24,05:23,21:03,05:55,20:31,06:26,20:00,13:13,92.930
2021-04-03,06:51,19:34,12:43:23,+2:24,05:21,21:05,05:53,20:32,06:24,20:01,13:12,92.957
2021-04-04,06:49,19:35,12:45:48,+2:24,05:19,21:06,05:51,20:33,06:23,20:02,13:12,92.985
2021-04-05,06:48,19:36,12:48:12,+2:23,05:17,21:07,05:50,20:34,06:21,20:03,13:12,93.012
2021-04-06,06:46,19:37,12:50:35,+2:23,05:16,21:08,05:48,20:35,06:20,20:04,13:11,93.039
2021-04-07,06:45,19:38,12:52:58,+2:23,05:14,21:09,05:47,20:36,06:18,20:05,13:11,93.066
2021-04-08,06:44,19:39,12:55:21,+2:22,05:12,21:10,05:45,20:37,06:17,20:06,13:11,93.093
2021-04-09,06:42,19:40,12:57:43,+2:22,05:11,21:12,05:44,20:39,06:15,20:07,13:11,93.120
2021-04-10,06:41,19:41,13:00:05,+2:21,05:09,21:13,05:42,20:40,06:14,20:08,13:10,93.147
2021-04-11,06:39,19:42,13:02:26,+2:21,05:07,21:14,05:40,20:41,06:12,20:09,13:10,93.174
2021-04-12,06:38,19:43,13:04:47,+2:20,05:05,21:15,05:39,20:42,06:11,20:10,13:10,93.200
2021-04-13,06:36,19:43,13:07:07,+2:20,05:04,21:16,05:37,20:43,06:09,20:11,13:10,93.226
2021-04-14,06:35,19:44,13:09:27,+2:19,05:02,21:18,05:36,20:44,06:08,20:12,13:09,93.252
2021-04-15,06:34,19:45,13:11:46,+2:19,05:00,21:19,05:34,20:45,06:06,20:12,13:09,93.278
2021-04-16,06:32,19:46,13:14:04,+2:18,04:59,21:20,05:33,20:46,06:05,20:13,13:09,93.304
2021-04-17,06:31,19:47,13:16:22,+2:17,04:57,21:21,05:31,20:47,06:04,20:14,13:09,93.329
2021-04-18,06:29,19:48,13:18:39,+2:16,04:55,21:23,05:29,20:48,06:02,20:15,13:08,93.354
2021-04-19,06:28,19:49,13:20:55,+2:16,04:54,21:24,05:28,20:49,06:01,20:16,13:08,93.379
2021-04-20,06:27,19:50,13:23:11,+2:15,04:52,21:25,05:26,20:50,05:59,20:17,13:08,93.404
2021-04-21,06:25,19:51,13:25:25,+2:14,04:50,21:26,05:25,20:51,05:58,20:18,13:08,93.429
2021-04-22,06:24,19:52,13:27:39,+2:13,04:49,21:28,05:23,20:53,05:56,20:19,13:08,93.454
2021-04-23,06:23,19:53,13:29:52,+2:12,04:47,21:29,05:22,20:54,05:55,20:20,13:07,93.478
2021-04-24,06:21,19:54,13:32:04,+2:11,04:45,21:30,05:20,20:55,05:54,20:21,13:07,93.503
2021-04-25,06:20,19:54,13:34:15,+2:11,04:44,21:31,05:19,20:56,05:52,20:22,13:07,93.528
2021-04-26,06:19,19:55,13:36:25,+2:10,04:42,21:33,05:18,20:57,05:51,20:23,13:07,93.552
2021-04-27,06:18,19:56,13:38:34,+2:09,04:40,21:34,05:16,20:58,05:50,20:24,13:07,93.576
2021-04-28,06:17,19:57,13:40:42,+2:07,04:39,21:35,05:15,20:59,05:49,20:25,13:07,93.601
2021-04-29,06:15,19:58,13:42:49,+2:06,04:37,21:37,05:13,21:00,05:47,20:26,13:06,93.625
2021-04-30,06:14,19:59,13:44:55,+2:05,04:36,21:38,05:12,21:02,05:46,20:27,13:06,93.649
2021-05-01,06:13,20:00,13:46:59,+2:04,04:34,21:39,05:11,21:03,05:45,20:28,13:06,93.674
2021-05-02,06:12,20:01,13:49:03,+2:03,04:33,21:41,05:09,21:04,05:44,20:29,13:06,93.698
2021-05-03,06:11,20:02,13:51:05,+2:02,04:31,21:42,05:08,21:05,05:42,20:30,13:06,93.721
2021-05-04,06:10,20:03,13:53:05,+2:00,04:30,21:43,05:07,21:06,05:41,20:31,13:06,93.745
2021-05-05,06:09,20:04,13:55:05,+1:59,04:28,21:45,05:05,21:07,05:40,20:32,13:06,93.768
2021-05-06,06:08,20:05,13:57:03,+1:57,04:27,21:46,05:04,21:08,05:39,20:33,13:06,93.791
2021-05-07,06:06,20:05,13:58:59,+1:56,04:25,21:47,05:03,21:09,05:38,20:34,13:06,93.814
2021-05-08,06:05,20:06,14:00:54,+1:54,04:24,21:49,05:01,21:11,05:37,20:35,13:06,93.836
2021-05-09,06:04,20:07,14:02:47,+1:53,04:22,21:50,05:00,21:12,05:36,20:36,13:06,93.858
2021-05-10,06:04,20:08,14:04:39,+1:51,04:21,21:51,04:59,21:13,05:34,20:37,13:06,93.880
2021-05-11,06:03,20:09,14:06:29,+1:50,04:19,21:53,04:58,21:14,05:33,20:38,13:06,93.901
2021-05-12,06:02,20:10,14:08:17,+1:48,04:18,21:54,04:57,21:15,05:32,20:39,13:06,93.922
2021-05-13,06:01,20:11,14:10:04,+1:46,04:17,21:55,04:56,21:16,05:31,20:40,13:06,93.942
2021-05-14,06:00,20:12,14:11:48,+1:44,04:15,21:57,04:55,21:17,05:31,20:41,13:06,93.963
2021-05-15,05:59,20:13,14:13:31,+1:42,04:14,21:58,04:54,21:18,05:30,20:42,13:06,93.982
2021-05-16,05:58,20:13,14:15:12,+1:40,04:13,21:59,04:52,21:19,05:29,20:43,13:06,94.001
2021-05-17,05:57,20:14,14:16:51,+1:38,04:12,22:00,04:51,21:20,05:28,20:44,13:06,94.020
2021-05-18,05:57,20:15,14:18:27,+1:36,04:10,22:02,04:50,21:22,05:27,20:45,13:06,94.039
2021-05-19,05:56,20:16,14:20:02,+1:34,04:09,22:03,04:49,21:23,05:26,20:46,13:06,94.057
2021-05-20,05:55,20:17,14:21:34,+1:32,04:08,22:04,04:49,21:24,05:25,20:47,13:06,94.075
2021-05-21,05:55,20:18,14:23:05,+1:30,04:07,22:05,04:48,21:25,05:25,20:48,13:06,94.092
2021-05-22,05:54,20:18,14:24:32,+1:27,04:06,22:07,04:47,21:26,05:24,20:48,13:06,94.110
2021-05-23,05:53,20:19,14:25:58,+1:25,04:05,22:08,04:46,21:27,05:23,20:49,13:06,94.127
2021-05-24,05:53,20:20,14:27:21,+1:23,04:04,22:09,04:45,21:28,05:22,20:50,13:06,94.144
2021-05-25,05:52,20:21,14:28:42,+1:20,04:03,22:10,04:44,21:29,05:22,20:51,13:06,94.160
2021-05-26,05:51,20:21,14:30:00,+1:18,04:02,22:11,04:44,21:30,05:21,20:52,13:06,94.177
2021-05-27,05:51,20:22,14:31:15,+1:15,04:01,22:12,04:43,21:30,05:21,20:53,13:06,94.193
2021-05-28,05:50,20:23,14:32:28,+1:13,04:00,22:14,04:42,21:31,05:20,20:53,13:07,94.209
2021-05-29,05:50,20:24,14:33:39,+1:10,03:59,22:15,04:42,21:32,05:19,20:54,13:07,94.225
2021-05-30,05:50,20:24,14:34:47,+1:07,03:59,22:16,04:41,21:33,05:19,20:55,13:07,94.240
2021-05-31,05:49,20:25,14:35:52,+1:04,03:58,22:17,04:40,21:34,05:19,20:56,13:07,94.255
2021-06-01,05:49,20:26,14:36:54,+1:02,03:57,22:18,04:40,21:35,05:18,20:57,13:07,94.270
2021-06-02,05:48,20:26,14:37:53,+0:59,03:56,22:19,04:39,21:36,05:18,20:57,13:07,94.284
2021-06-03,05:48,20:27,14:38:50,+0:56,03:56,22:20,04:39,21:36,05:17,20:58,13:07,94.298
2021-06-04,05:48,20:28,14:39:43,+0:53,03:55,22:20,04:38,21:37,05:17,20:59,13:08,94.312
2021-06-05,05:48,20:28,14:40:34,+0:50,03:55,22:21,04:38,21:38,05:17,20:59,13:08,94.325
2021-06-06,05:47,20:29,14:41:21,+0:47,03:54,22:22,04:38,21:39,05:16,21:00,13:08,94.338
2021-06-07,05:47,20:29,14:42:06,+0:44,03:54,22:23,04:37,21:39,05:16,21:00,13:08,94.350
2021-06-08,05:47,20:30,14:42:47,+0:41,03:53,22:24,04:37,21:40,05:16,21:01,13:08,94.362
2021-06-09,05:47,20:30,14:43:25,+0:38,03:53,22:24,04:37,21:40,05:16,21:02,13:09,94.373
2021-06-10,05:47,20:31,14:44:01,+0:35,03:53,22:25,04:37,21:41,05:16,21:02,13:09,94.384
2021-06-11,05:47,20:31,14:44:33,+0:32,03:52,22:26,04:37,21:42,05:16,21:03,13:09,94.394
2021-06-12,05:47,20:32,14:45:02,+0:28,03:52,22:26,04:36,21:42,05:15,21:03,13:09,94.404
2021-06-13,05:47,20:32,14:45:27,+0:25,03:52,22:27,04:36,21:43,05:15,21:03,13:09,94.413
2021-06-14,05:47,20:33,14:45:49,+0:22,03:52,22:27,04:36,21:43,05:15,21:04,13:10,94.421
2021-06-15,05:47,20:33,14:46:09,+0:19,03:52,22:28,04:36,21:43,05:15,21:04,13:10,94.429
2021-06-16,05:47,20:33,14:46:24,+0:15,03:52,22:28,04:36,21:44,05:16,21:05,13:10,94.437
2021-06-17,05:47,20:34,14:46:37,+0:12,03:52,22:29,04:36,21:44,05:16,21:05,13:10,94.444
2021-06-18,05:47,20:34,14:46:46,+0:09,03:52,22:29,04:36,21:45,05:16,21:05,13:10,94.451
2021-06-19,05:47,20:34,14:46:52,+0:05,03:52,22:29,04:37,21:45,05:16,21:05,13:11,94.457
2021-06-20,05:47,20:34,14:46:55,+0:02,03:52,22:30,04:37,21:45,05:16,21:06,13:11,94.463
2021-06-21,05:48,20:35,14:46:54,< 1s,03:52,22:30,04:37,21:45,05:16,21:06,13:11,94.468
2021-06-22,05:48,20:35,14:46:50,−0:04,03:53,22:30,04:37,21:45,05:17,21:06,13:11,94.474
2021-06-23,05:48,20:35,14:46:43,−0:07,03:53,22:30,04:38,21:45,05:17,21:06,13:12,94.479
2021-06-24,05:48,20:35,14:46:32,−0:10,03:53,22:30,04:38,21:46,05:17,21:06,13:12,94.483
2021-06-25,05:49,20:35,14:46:18,−0:13,03:54,22:30,04:38,21:46,05:17,21:06,13:12,94.488
2021-06-26,05:49,20:35,14:46:01,−0:17,03:54,22:30,04:39,21:46,05:18,21:06,13:12,94.492
2021-06-27,05:49,20:35,14:45:41,−0:20,03:55,22:30,04:39,21:46,05:18,21:06,13:12,94.495
2021-06-28,05:50,20:35,14:45:17,−0:23,03:55,22:30,04:39,21:46,05:19,21:06,13:13,94.499
2021-06-29,05:50,20:35,14:44:50,−0:26,03:56,22:30,04:40,21:45,05:19,21:06,13:13,94.502
2021-06-30,05:51,20:35,14:44:20,−0:29,03:56,22:29,04:40,21:45,05:19,21:06,13:13,94.504
2021-07-01,05:51,20:35,14:43:47,−0:33,03:57,22:29,04:41,21:45,05:20,21:06,13:13,94.507
2021-07-02,05:52,20:35,14:43:11,−0:36,03:58,22:29,04:42,21:45,05:20,21:06,13:13,94.508
2021-07-03,05:52,20:35,14:42:32,−0:39,03:58,22:28,04:42,21:45,05:21,21:06,13:14,94.510
2021-07-04,05:53,20:35,14:41:49,−0:42,03:59,22:28,04:43,21:44,05:22,21:06,13:14,94.511
2021-07-05,05:53,20:34,14:41:04,−0:45,04:00,22:27,04:43,21:44,05:22,21:05,13:14,94.511
2021-07-06,05:54,20:34,14:40:15,−0:48,04:01,22:27,04:44,21:44,05:23,21:05,13:14,94.511
2021-07-07,05:54,20:34,14:39:24,−0:51,04:02,22:26,04:45,21:43,05:23,21:05,13:14,94.510
2021-07-08,05:55,20:33,14:38:30,−0:54,04:02,22:26,04:46,21:43,05:24,21:04,13:14,94.509
2021-07-09,05:56,20:33,14:37:32,−0:57,04:03,22:25,04:46,21:42,05:25,21:04,13:14,94.507
2021-07-10,05:56,20:33,14:36:32,−1:00,04:04,22:24,04:47,21:42,05:25,21:03,13:15,94.504
2021-07-11,05:57,20:32,14:35:29,−1:02,04:05,22:24,04:48,21:41,05:26,21:03,13:15,94.501
2021-07-12,05:58,20:32,14:34:24,−1:05,04:06,22:23,04:49,21:40,05:27,21:03,13:15,94.498
2021-07-13,05:58,20:31,14:33:16,−1:08,04:07,22:22,04:50,21:40,05:28,21:02,13:15,94.494
2021-07-14,05:59,20:31,14:32:05,−1:10,04:08,22:21,04:51,21:39,05:28,21:01,13:15,94.489
2021-07-15,06:00,20:30,14:30:51,−1:13,04:09,22:20,04:51,21:38,05:29,21:01,13:15,94.484
2021-07-16,06:00,20:30,14:29:35,−1:16,04:11,22:19,04:52,21:38,05:30,21:00,13:15,94.478
2021-07-17,06:01,20:29,14:28:16,−1:18,04:12,22:18,04:53,21:37,05:31,21:00,13:15,94.472
2021-07-18,06:02,20:29,14:26:56,−1:20,04:13,22:17,04:54,21:36,05:32,20:59,13:15,94.466
2021-07-19,06:03,20:28,14:25:32,−1:23,04:14,22:16,04:55,21:35,05:32,20:58,13:16,94.459
2021-07-20,06:03,20:27,14:24:07,−1:25,04:15,22:15,04:56,21:34,05:33,20:57,13:16,94.452
2021-07-21,06:04,20:27,14:22:39,−1:27,04:16,22:14,04:57,21:34,05:34,20:57,13:16,94.444
2021-07-22,06:05,20:26,14:21:09,−1:30,04:18,22:13,04:58,21:33,05:35,20:56,13:16,94.436
2021-07-23,06:06,20:25,14:19:36,−1:32,04:19,22:12,04:59,21:32,05:36,20:55,13:16,94.428
2021-07-24,06:06,20:24,14:18:02,−1:34,04:20,22:11,05:00,21:31,05:37,20:54,13:16,94.420
2021-07-25,06:07,20:24,14:16:26,−1:36,04:21,22:09,05:01,21:30,05:38,20:53,13:16,94.411
2021-07-26,06:08,20:23,14:14:47,−1:38,04:22,22:08,05:02,21:29,05:38,20:52,13:16,94.402
2021-07-27,06:09,20:22,14:13:07,−1:40,04:24,22:07,05:03,21:28,05:39,20:51,13:16,94.392
2021-07-28,06:10,20:21,14:11:25,−1:42,04:25,22:05,05:04,21:26,05:40,20:50,13:16,94.383
2021-07-29,06:11,20:20,14:09:41,−1:44,04:26,22:04,05:05,21:25,05:41,20:49,13:16,94.373
2021-07-30,06:11,20:19,14:07:55,−1:45,04:27,22:03,05:06,21:24,05:42,20:48,13:16,94.362
2021-07-31,06:12,20:18,14:06:07,−1:47,04:29,22:01,05:07,21:23,05:43,20:47,13:16,94.352
2021-08-01,06:13,20:17,14:04:18,−1:49,04:30,22:00,05:08,21:22,05:44,20:46,13:15,94.341
2021-08-02,06:14,20:16,14:02:27,−1:50,04:31,21:59,05:10,21:21,05:45,20:45,13:15,94.329
2021-08-03,06:15,20:15,14:00:35,−1:52,04:33,21:57,05:11,21:19,05:46,20:44,13:15,94.317
2021-08-04,06:16,20:14,13:58:41,−1:53,04:34,21:56,05:12,21:18,05:47,20:43,13:15,94.304
2021-08-05,06:16,20:13,13:56:45,−1:55,04:35,21:54,05:13,21:17,05:48,20:42,13:15,94.291
2021-08-06,06:17,20:12,13:54:49,−1:56,04:36,21:53,05:14,21:15,05:49,20:41,13:15,94.278
2021-08-07,06:18,20:11,13:52:50,−1:58,04:38,21:51,05:15,21:14,05:50,20:40,13:15,94.264
2021-08-08,06:19,20:10,13:50:51,−1:59,04:39,21:50,05:16,21:13,05:51,20:38,13:15,94.250
2021-08-09,06:20,20:09,13:48:50,−2:00,04:40,21:48,05:17,21:11,05:51,20:37,13:15,94.235
2021-08-10,06:21,20:08,13:46:48,−2:02,04:41,21:46,05:18,21:10,05:52,20:36,13:14,94.219
2021-08-11,06:22,20:06,13:44:45,−2:03,04:43,21:45,05:19,21:09,05:53,20:35,13:14,94.203
2021-08-12,06:22,20:05,13:42:40,−2:04,04:44,21:43,05:20,21:07,05:54,20:33,13:14,94.187
2021-08-13,06:23,20:04,13:40:35,−2:05,04:45,21:42,05:21,21:06,05:55,20:32,13:14,94.170
2021-08-14,06:24,20:03,13:38:28,−2:06,04:47,21:40,05:22,21:04,05:56,20:31,13:14,94.153
2021-08-15,06:25,20:01,13:36:20,−2:07,04:48,21:38,05:23,21:03,05:57,20:29,13:14,94.135
2021-08-16,06:26,20:00,13:34:12,−2:08,04:49,21:37,05:24,21:01,05:58,20:28,13:13,94.117
2021-08-17,06:27,19:59,13:32:02,−2:09,04:50,21:35,05:26,21:00,05:59,20:27,13:13,94.099
2021-08-18,06:28,19:58,13:29:52,−2:10,04:51,21:33,05:27,20:58,06:00,20:25,13:13,94.081
2021-08-19,06:29,19:56,13:27:41,−2:11,04:53,21:32,05:28,20:57,06:01,20:24,13:13,94.062
2021-08-20,06:29,19:55,13:25:29,−2:12,04:54,21:30,05:29,20:55,06:02,20:22,13:12,94.043
2021-08-21,06:30,19:54,13:23:16,−2:12,04:55,21:28,05:30,20:54,06:03,20:21,13:12,94.024
2021-08-22,06:31,19:52,13:21:02,−2:13,04:56,21:27,05:31,20:52,06:04,20:20,13:12,94.004
2021-08-23,06:32,19:51,13:18:48,−2:14,04:57,21:25,05:32,20:51,06:05,20:18,13:12,93.985
2021-08-24,06:33,19:49,13:16:33,−2:15,04:59,21:23,05:33,20:49,06:05,20:17,13:11,93.965
2021-08-25,06:34,19:48,13:14:17,−2:15,05:00,21:21,05:34,20:48,06:06,20:15,13:11,93.945
2021-08-26,06:34,19:47,13:12:01,−2:16,05:01,21:20,05:35,20:46,06:07,20:14,13:11,93.925
2021-08-27,06:35,19:45,13:09:44,−2:16,05:02,21:18,05:36,20:44,06:08,20:12,13:11,93.905
2021-08-28,06:36,19:44,13:07:26,−2:17,05:03,21:16,05:37,20:43,06:09,20:11,13:10,93.885
2021-08-29,06:37,19:42,13:05:08,−2:18,05:04,21:14,05:38,20:41,06:10,20:09,13:10,93.864
2021-08-30,06:38,19:41,13:02:50,−2:18,05:06,21:13,05:39,20:40,06:11,20:08,13:10,93.843
2021-08-31,06:39,19:39,13:00:31,−2:19,05:07,21:11,05:40,20:38,06:12,20:06,13:09,93.822
2021-09-01,06:40,19:38,12:58:11,−2:19,05:08,21:09,05:41,20:36,06:13,20:05,13:09,93.800
2021-09-02,06:40,19:36,12:55:51,−2:20,05:09,21:08,05:42,20:35,06:14,20:03,13:09,93.778
2021-09-03,06:41,19:35,12:53:30,−2:20,05:10,21:06,05:43,20:33,06:14,20:01,13:08,93.756
2021-09-04,06:42,19:33,12:51:09,−2:20,05:11,21:04,05:44,20:31,06:15,20:00,13:08,93.734
2021-09-05,06:43,19:32,12:48:48,−2:21,05:12,21:02,05:45,20:30,06:16,19:58,13:08,93.711
2021-09-06,06:44,19:30,12:46:26,−2:21,05:13,21:01,05:46,20:28,06:17,19:57,13:07,93.688
2021-09-07,06:45,19:29,12:44:04,−2:22,05:14,20:59,05:47,20:27,06:18,19:55,13:07,93.664
2021-09-08,06:45,19:27,12:41:42,−2:22,05:15,20:57,05:48,20:25,06:19,19:54,13:07,93.640
2021-09-09,06:46,19:26,12:39:19,−2:22,05:16,20:55,05:49,20:23,06:20,19:52,13:06,93.616
2021-09-10,06:47,19:24,12:36:57,−2:22,05:17,20:54,05:49,20:22,06:21,19:51,13:06,93.591
2021-09-11,06:48,19:23,12:34:33,−2:23,05:18,20:52,05:50,20:20,06:22,19:49,13:06,93.567
2021-09-12,06:49,19:21,12:32:10,−2:23,05:19,20:50,05:51,20:18,06:22,19:47,13:05,93.542
2021-09-13,06:50,19:19,12:29:47,−2:23,05:21,20:48,05:52,20:17,06:23,19:46,13:05,93.516
2021-09-14,06:51,19:18,12:27:23,−2:23,05:22,20:47,05:53,20:15,06:24,19:44,13:05,93.491
2021-09-15,06:51,19:16,12:24:59,−2:23,05:23,20:45,05:54,20:13,06:25,19:43,13:04,93.465
2021-09-16,06:52,19:15,12:22:35,−2:24,05:24,20:43,05:55,20:12,06:26,19:41,13:04,93.440
2021-09-17,06:53,19:13,12:20:11,−2:24,05:25,20:42,05:56,20:10,06:27,19:39,13:03,93.414
2021-09-18,06:54,19:12,12:17:46,−2:24,05:25,20:40,05:57,20:09,06:28,19:38,13:03,93.388
2021-09-19,06:55,19:10,12:15:22,−2:24,05:26,20:38,05:58,20:07,06:29,19:36,13:03,93.362
2021-09-20,06:56,19:09,12:12:58,−2:24,05:27,20:37,05:59,20:05,06:29,19:35,13:02,93.337
2021-09-21,06:56,19:07,12:10:33,−2:24,05:28,20:35,06:00,20:04,06:30,19:33,13:02,93.311
2021-09-22,06:57,19:05,12:08:08,−2:24,05:29,20:33,06:00,20:02,06:31,19:32,13:02,93.285
2021-09-23,06:58,19:04,12:05:44,−2:24,05:30,20:32,06:01,20:01,06:32,19:30,13:01,93.259
2021-09-24,06:59,19:02,12:03:19,−2:24,05:31,20:30,06:02,19:59,06:33,19:28,13:01,93.234
2021-09-25,07:00,19:01,12:00:55,−2:24,05:32,20:28,06:03,19:57,06:34,19:27,13:01,93.208
2021-09-26,07:01,18:59,11:58:30,−2:24,05:33,20:27,06:04,19:56,06:35,19:25,13:00,93.182
2021-09-27,07:02,18:58,11:56:05,−2:24,05:34,20:25,06:05,19:54,06:35,19:24,13:00,93.156
2021-09-28,07:02,18:56,11:53:41,−2:24,05:35,20:23,06:06,19:53,06:36,19:22,13:00,93.130
2021-09-29,07:03,18:55,11:51:16,−2:24,05:36,20:22,06:07,19:51,06:37,19:21,12:59,93.104
2021-09-30,07:04,18:53,11:48:52,−2:24,05:37,20:20,06:08,19:50,06:38,19:19,12:59,93.079
2021-10-01,07:05,18:52,11:46:28,−2:24,05:38,20:19,06:09,19:48,06:39,19:18,12:59,93.052
2021-10-02,07:06,18:50,11:44:04,−2:24,05:39,20:17,06:09,19:47,06:40,19:16,12:58,93.026
2021-10-03,07:07,18:49,11:41:39,−2:24,05:40,20:16,06:10,19:45,06:41,19:15,12:58,93.000
2021-10-04,07:08,18:47,11:39:16,−2:23,05:41,20:14,06:11,19:44,06:42,19:13,12:58,92.974
2021-10-05,07:09,18:46,11:36:52,−2:23,05:42,20:13,06:12,19:42,06:42,19:12,12:57,92.947
2021-10-06,07:10,18:44,11:34:29,−2:23,05:42,20:11,06:13,19:41,06:43,19:10,12:57,92.920
2021-10-07,07:11,18:43,11:32:05,−2:23,05:43,20:10,06:14,19:39,06:44,19:09,12:57,92.894
2021-10-08,07:11,18:41,11:29:42,−2:22,05:44,20:08,06:15,19:38,06:45,19:07,12:57,92.867
2021-10-09,07:12,18:40,11:27:20,−2:22,05:45,20:07,06:16,19:36,06:46,19:06,12:56,92.840
2021-10-10,07:13,18:38,11:24:57,−2:22,05:46,20:05,06:17,19:35,06:47,19:05,12:56,92.813
2021-10-11,07:14,18:37,11:22:35,−2:21,05:47,20:04,06:17,19:33,06:48,19:03,12:56,92.785
2021-10-12,07:15,18:35,11:20:14,−2:21,05:48,20:02,06:18,19:32,06:49,19:02,12:56,92.758
2021-10-13,07:16,18:34,11:17:52,−2:21,05:49,20:01,06:19,19:31,06:50,19:00,12:55,92.731
2021-10-14,07:17,18:33,11:15:31,−2:20,05:50,20:00,06:20,19:29,06:51,18:59,12:55,92.704
2021-10-15,07:18,18:31,11:13:11,−2:20,05:51,19:58,06:21,19:28,06:52,18:58,12:55,92.677
2021-10-16,07:19,18:30,11:10:51,−2:19,05:52,19:57,06:22,19:27,06:52,18:56,12:55,92.651
2021-10-17,07:20,18:28,11:08:32,−2:19,05:52,19:56,06:23,19:25,06:53,18:55,12:54,92.624
2021-10-18,07:21,18:27,11:06:13,−2:18,05:53,19:54,06:24,19:24,06:54,18:54,12:54,92.598
2021-10-19,07:22,18:26,11:03:55,−2:18,05:54,19:53,06:25,19:23,06:55,18:52,12:54,92.571
2021-10-20,07:23,18:24,11:01:37,−2:17,05:55,19:52,06:26,19:22,06:56,18:51,12:54,92.545
2021-10-21,07:24,18:23,10:59:20,−2:17,05:56,19:51,06:26,19:20,06:57,18:50,12:54,92.520
2021-10-22,07:25,18:22,10:57:04,−2:16,05:57,19:50,06:27,19:19,06:58,18:49,12:54,92.494
2021-10-23,07:26,18:21,10:54:48,−2:15,05:58,19:48,06:28,19:18,06:59,18:47,12:53,92.469
2021-10-24,07:27,18:19,10:52:33,−2:14,05:59,19:47,06:29,19:17,07:00,18:46,12:53,92.444
2021-10-25,07:28,18:18,10:50:19,−2:14,06:00,19:46,06:30,19:16,07:01,18:45,12:53,92.419
2021-10-26,07:29,18:17,10:48:06,−2:13,06:01,19:45,06:31,19:15,07:02,18:44,12:53,92.395
2021-10-27,07:30,18:16,10:45:53,−2:12,06:02,19:44,06:32,19:13,07:03,18:43,12:53,92.370
2021-10-28,07:31,18:15,10:43:41,−2:11,06:02,19:43,06:33,19:12,07:04,18:41,12:53,92.346
2021-10-29,07:32,18:13,10:41:31,−2:10,06:03,19:42,06:34,19:11,07:05,18:40,12:53,92.322
2021-10-30,07:33,18:12,10:39:21,−2:09,06:04,19:41,06:35,19:10,07:06,18:39,12:53,92.298
2021-10-31,07:34,18:11,10:37:12,−2:08,06:05,19:40,06:36,19:09,07:07,18:38,12:53,92.274
2021-11-01,07:35,18:10,10:35:04,−2:07,06:06,19:39,06:37,19:08,07:08,18:37,12:53,92.251
2021-11-02,07:36,18:09,10:32:58,−2:06,06:07,19:38,06:38,19:07,07:09,18:36,12:53,92.227
2021-11-03,07:37,18:08,10:30:53,−2:05,06:08,19:37,06:39,19:06,07:10,18:35,12:53,92.204
2021-11-04,07:38,18:07,10:28:48,−2:04,06:09,19:36,06:40,19:05,07:11,18:34,12:53,92.181
2021-11-05,07:39,18:06,10:26:46,−2:02,06:10,19:35,06:41,19:05,07:12,18:33,12:53,92.157
2021-11-06,07:40,18:05,10:24:44,−2:01,06:11,19:34,06:41,19:04,07:13,18:32,12:53,92.134
2021-11-07,06:41,17:04,10:22:44,−2:00,05:12,18:34,05:42,18:03,06:14,17:32,11:53,92.111
2021-11-08,06:42,17:03,10:20:45,−1:58,05:13,18:33,05:43,18:02,06:15,17:31,11:53,92.088
2021-11-09,06:43,17:02,10:18:48,−1:57,05:13,18:32,05:44,18:01,06:16,17:30,11:53,92.066
2021-11-10,06:44,17:01,10:16:52,−1:55,05:14,18:31,05:45,18:01,06:17,17:29,11:53,92.043
2021-11-11,06:46,17:01,10:14:58,−1:53,05:15,18:31,05:46,18:00,06:18,17:28,11:53,92.021
2021-11-12,06:47,17:00,10:13:06,−1:52,05:16,18:30,05:47,17:59,06:19,17:28,11:53,91.999
2021-11-13,06:48,16:59,10:11:16,−1:50,05:17,18:29,05:48,17:58,06:20,17:27,11:54,91.977
2021-11-14,06:49,16:58,10:09:27,−1:48,05:18,18:29,05:49,17:58,06:21,17:26,11:54,91.956
2021-11-15,06:50,16:58,10:07:40,−1:46,05:19,18:28,05:50,17:57,06:22,17:26,11:54,91.935
2021-11-16,06:51,16:57,10:05:55,−1:44,05:20,18:28,05:51,17:57,06:23,17:25,11:54,91.915
2021-11-17,06:52,16:56,10:04:12,−1:42,05:21,18:27,05:52,17:56,06:24,17:24,11:54,91.894
2021-11-18,06:53,16:56,10:02:31,−1:40,05:22,18:27,05:53,17:56,06:25,17:24,11:54,91.875
2021-11-19,06:54,16:55,10:00:53,−1:38,05:23,18:26,05:54,17:55,06:26,17:23,11:55,91.855
2021-11-20,06:55,16:54,9:59:16,−1:36,05:24,18:26,05:55,17:55,06:27,17:23,11:55,91.837
2021-11-21,06:56,16:54,9:57:42,−1:34,05:24,18:26,05:56,17:54,06:28,17:22,11:55,91.818
2021-11-22,06:57,16:53,9:56:10,−1:32,05:25,18:25,05:57,17:54,06:29,17:22,11:55,91.800
2021-11-23,06:58,16:53,9:54:40,−1:29,05:26,18:25,05:58,17:54,06:30,17:21,11:56,91.783
2021-11-24,06:59,16:52,9:53:13,−1:27,05:27,18:25,05:58,17:53,06:31,17:21,11:56,91.766
2021-11-25,07:00,16:52,9:51:48,−1:24,05:28,18:24,05:59,17:53,06:32,17:21,11:56,91.749
2021-11-26,07:01,16:52,9:50:26,−1:22,05:29,18:24,06:00,17:53,06:33,17:20,11:57,91.733
2021-11-27,07:02,16:51,9:49:07,−1:19,05:30,18:24,06:01,17:52,06:34,17:20,11:57,91.717
2021-11-28,07:03,16:51,9:47:50,−1:16,05:31,18:24,06:02,17:52,06:34,17:20,11:57,91.702
2021-11-29,07:04,16:51,9:46:36,−1:14,05:31,18:24,06:03,17:52,06:35,17:20,11:58,91.686
2021-11-30,07:05,16:51,9:45:24,−1:11,05:32,18:24,06:04,17:52,06:36,17:19,11:58,91.672
2021-12-01,07:05,18:52,11:46:28,−2:24,05:38,20:19,06:09,19:48,06:39,19:18,12:59,93.052
2021-12-02,07:06,18:50,11:44:04,−2:24,05:39,20:17,06:09,19:47,06:40,19:16,12:58,93.026
2021-12-03,07:07,18:49,11:41:39,−2:24,05:40,20:16,06:10,19:45,06:41,19:15,12:58,93.000
2021-12-04,07:08,18:47,11:39:16,−2:23,05:41,20:14,06:11,19:44,06:42,19:13,12:58,92.974
2021-12-05,07:09,18:46,11:36:52,−2:23,05:42,20:13,06:12,19:42,06:42,19:12,12:57,92.947
2021-12-06,07:10,18:44,11:34:29,−2:23,05:42,20:11,06:13,19:41,06:43,19:10,12:57,92.920
2021-12-07,07:11,18:43,11:32:05,−2:23,05:43,20:10,06:14,19:39,06:44,19:09,12:57,92.894
2021-12-08,07:11,18:41,11:29:42,−2:22,05:44,20:08,06:15,19:38,06:45,19:07,12:57,92.867
2021-12-09,07:12,18:40,11:27:20,−2:22,05:45,20:07,06:16,19:36,06:46,19:06,12:56,92.840
2021-12-10,07:13,18:38,11:24:57,−2:22,05:46,20:05,06:17,19:35,06:47,19:05,12:56,92.813
2021-12-11,07:14,18:37,11:22:35,−2:21,05:47,20:04,06:17,19:33,06:48,19:03,12:56,92.785
2021-12-12,07:15,18:35,11:20:14,−2:21,05:48,20:02,06:18,19:32,06:49,19:02,12:56,92.758
2021-12-13,07:16,18:34,11:17:52,−2:21,05:49,20:01,06:19,19:31,06:50,19:00,12:55,92.731
2021-12-14,07:17,18:33,11:15:31,−2:20,05:50,20:00,06:20,19:29,06:51,18:59,12:55,92.704
2021-12-15,07:18,18:31,11:13:11,−2:20,05:51,19:58,06:21,19:28,06:52,18:58,12:55,92.677
2021-12-16,07:19,18:30,11:10:51,−2:19,05:52,19:57,06:22,19:27,06:52,18:56,12:55,92.651
2021-12-17,07:20,18:28,11:08:32,−2:19,05:52,19:56,06:23,19:25,06:53,18:55,12:54,92.624
2021-12-18,07:21,18:27,11:06:13,−2:18,05:53,19:54,06:24,19:24,06:54,18:54,12:54,92.598
2021-12-19,07:22,18:26,11:03:55,−2:18,05:54,19:53,06:25,19:23,06:55,18:52,12:54,92.571
2021-12-20,07:23,18:24,11:01:37,−2:17,05:55,19:52,06:26,19:22,06:56,18:51,12:54,92.545
2021-12-21,07:24,18:23,10:59:20,−2:17,05:56,19:51,06:26,19:20,06:57,18:50,12:54,92.520
2021-12-22,07:25,18:22,10:57:04,−2:16,05:57,19:50,06:27,19:19,06:58,18:49,12:54,92.494
2021-12-23,07:26,18:21,10:54:48,−2:15,05:58,19:48,06:28,19:18,06:59,18:47,12:53,92.469
2021-12-24,07:27,18:19,10:52:33,−2:14,05:59,19:47,06:29,19:17,07:00,18:46,12:53,92.444
2021-12-25,07:28,18:18,10:50:19,−2:14,06:00,19:46,06:30,19:16,07:01,18:45,12:53,92.419
2021-12-26,07:29,18:17,10:48:06,−2:13,06:01,19:45,06:31,19:15,07:02,18:44,12:53,92.395
2021-12-27,07:30,18:16,10:45:53,−2:12,06:02,19:44,06:32,19:13,07:03,18:43,12:53,92.370
2021-12-28,07:31,18:15,10:43:41,−2:11,06:02,19:43,06:33,19:12,07:04,18:41,12:53,92.346
2021-12-29,07:32,18:13,10:41:31,−2:10,06:03,19:42,06:34,19:11,07:05,18:40,12:53,92.322
2021-12-30,07:33,18:12,10:39:21,−2:09,06:04,19:41,06:35,19:10,07:06,18:39,12:53,92.298
2021-12-31,07:34,18:11,10:37:12,−2:08,06:05,19:40,06:36,19:09,07:07,18:38,12:53,92.274
